fetched_utc,commence_time,home_team,away_team,book,last_update,spread,total,home_moneyline,away_moneyline
2026-10-03T05:17:28.393387+00:00,2026-10-03T15:00:00Z,Charlotte 49ers,Memphis Tigers,DraftKings,2026-10-03T05:17:22Z,20.5,52.5,850.0,-1450.0
2026-10-03T05:17:28.393449+00:00,2026-10-03T15:00:00Z,Charlotte 49ers,Memphis Tigers,BetOnline.ag,2026-10-03T05:16:50Z,20.5,52.0,836.0,-1400.0
2026-10-03T05:17:28.393462+00:00,2026-10-03T15:00:00Z,Charlotte 49ers,Memphis Tigers,LowVig.ag,2026-10-03T05:16:51Z,20.5,52.0,836.0,-1400.0
2026-10-03T05:17:28.393472+00:00,2026-10-03T15:00:00Z,Charlotte 49ers,Memphis Tigers,FanDuel,2026-10-03T05:17:22Z,20.5,52.5,890.0,-1700.0
2026-10-03T05:17:28.393480+00:00,2026-10-03T15:00:00Z,Charlotte 49ers,Memphis Tigers,MyBookie.ag,2026-10-03T05:16:36Z,20.5,52.0,750.0,-1408.0
2026-10-03T05:17:28.393488+00:00,2026-10-03T15:00:00Z,Charlotte 49ers,Memphis Tigers,BetMGM,2026-10-03T05:16:38Z,20.5,52.5,950.0,-1400.0
2026-10-03T05:17:28.393495+00:00,2026-10-03T15:00:00Z,Charlotte 49ers,Memphis Tigers,BetUS,2026-10-03T05:16:49Z,20.5,52.0,825.0,-1400.0
2026-10-03T05:17:28.393503+00:00,2026-10-03T15:00:00Z,Charlotte 49ers,Memphis Tigers,Bovada,2026-10-03T05:16:54Z,20.5,52.0,750.0,-1400.0
2026-10-03T05:17:28.393510+00:00,2026-10-03T15:00:00Z,Charlotte 49ers,Memphis Tigers,BetRivers,2026-10-03T05:16:04Z,20.5,52.5,1100.0,-3335.0
2026-10-03T05:17:28.393518+00:00,2026-10-03T16:00:00Z,Air Force Falcons,Navy Midshipmen,FanDuel,2026-10-03T05:17:22Z,-3.5,45.5,-154.0,128.0
2026-10-03T05:17:28.393525+00:00,2026-10-03T16:00:00Z,Air Force Falcons,Navy Midshipmen,BetRivers,2026-10-03T05:16:04Z,-3.0,45.5,-162.0,130.0
2026-10-03T05:17:28.393532+00:00,2026-10-03T16:00:00Z,Air Force Falcons,Navy Midshipmen,DraftKings,2026-10-03T05:17:22Z,-3.0,45.5,-155.0,130.0
2026-10-03T05:17:28.393541+00:00,2026-10-03T16:00:00Z,Air Force Falcons,Navy Midshipmen,LowVig.ag,2026-10-03T05:16:51Z,-2.5,45.5,-139.0,119.0
2026-10-03T05:17:28.393548+00:00,2026-10-03T16:00:00Z,Air Force Falcons,Navy Midshipmen,BetOnline.ag,2026-10-03T05:16:50Z,-2.5,45.5,-139.0,119.0
2026-10-03T05:17:28.393556+00:00,2026-10-03T16:00:00Z,Air Force Falcons,Navy Midshipmen,BetMGM,2026-10-03T05:16:38Z,-3.0,45.5,-150.0,125.0
2026-10-03T05:17:28.393563+00:00,2026-10-03T16:00:00Z,Air Force Falcons,Navy Midshipmen,MyBookie.ag,2026-10-03T05:16:36Z,-3.0,45.5,-159.0,130.0
2026-10-03T05:17:28.393570+00:00,2026-10-03T16:00:00Z,Air Force Falcons,Navy Midshipmen,BetUS,2026-10-03T05:16:49Z,-3.0,45.5,-145.0,125.0
2026-10-03T05:17:28.393578+00:00,2026-10-03T16:00:00Z,Air Force Falcons,Navy Midshipmen,Bovada,2026-10-03T05:16:54Z,-3.0,45.5,-150.0,130.0
2026-10-03T05:17:28.393585+00:00,2026-10-03T16:00:00Z,Mississippi State Bulldogs,Alabama Crimson Tide,DraftKings,2026-10-03T05:17:22Z,5.5,60.5,180.0,-218.0
2026-10-03T05:17:28.393592+00:00,2026-10-03T16:00:00Z,Mississippi State Bulldogs,Alabama Crimson Tide,FanDuel,2026-10-03T05:17:22Z,5.5,60.5,162.0,-196.0
2026-10-03T05:17:28.393599+00:00,2026-10-03T16:00:00Z,Mississippi State Bulldogs,Alabama Crimson Tide,BetMGM,2026-10-03T05:16:38Z,5.0,60.5,175.0,-210.0
2026-10-03T05:17:28.393606+00:00,2026-10-03T16:00:00Z,Mississippi State Bulldogs,Alabama Crimson Tide,BetRivers,2026-10-03T05:16:04Z,5.5,60.5,180.0,-230.0
2026-10-03T05:17:28.393613+00:00,2026-10-03T16:00:00Z,Mississippi State Bulldogs,Alabama Crimson Tide,BetOnline.ag,2026-10-03T05:16:50Z,5.5,60.5,195.0,-235.0
2026-10-03T05:17:28.393620+00:00,2026-10-03T16:00:00Z,Mississippi State Bulldogs,Alabama Crimson Tide,LowVig.ag,2026-10-03T05:16:51Z,5.5,60.5,195.0,-235.0
2026-10-03T05:17:28.393627+00:00,2026-10-03T16:00:00Z,Mississippi State Bulldogs,Alabama Crimson Tide,MyBookie.ag,2026-10-03T05:16:36Z,5.5,60.5,175.0,-218.0
2026-10-03T05:17:28.393634+00:00,2026-10-03T16:00:00Z,Mississippi State Bulldogs,Alabama Crimson Tide,BetUS,2026-10-03T05:16:49Z,5.5,60.5,185.0,-220.0
2026-10-03T05:17:28.393641+00:00,2026-10-03T16:00:00Z,Mississippi State Bulldogs,Alabama Crimson Tide,Bovada,2026-10-03T05:16:54Z,5.5,61.0,180.0,-220.0
2026-10-03T05:17:28.393649+00:00,2026-10-03T16:00:00Z,SMU Mustangs,Boston College Eagles,FanDuel,2026-10-03T05:17:22Z,-21.5,55.5,-2000.0,980.0
2026-10-03T05:17:28.393656+00:00,2026-10-03T16:00:00Z,SMU Mustangs,Boston College Eagles,BetRivers,2026-10-03T05:16:04Z,-21.0,55.5,-2000.0,850.0
2026-10-03T05:17:28.393663+00:00,2026-10-03T16:00:00Z,SMU Mustangs,Boston College Eagles,DraftKings,2026-10-03T05:17:22Z,-21.0,55.5,-1800.0,1000.0
2026-10-03T05:17:28.393669+00:00,2026-10-03T16:00:00Z,SMU Mustangs,Boston College Eagles,LowVig.ag,2026-10-03T05:16:51Z,-21.5,55.5,-2000.0,1041.0
2026-10-03T05:17:28.393676+00:00,2026-10-03T16:00:00Z,SMU Mustangs,Boston College Eagles,BetOnline.ag,2026-10-03T05:16:50Z,-21.5,55.5,-2000.0,1041.0
2026-10-03T05:17:28.393683+00:00,2026-10-03T16:00:00Z,SMU Mustangs,Boston College Eagles,BetMGM,2026-10-03T05:16:38Z,-21.0,55.5,-1600.0,1050.0
2026-10-03T05:17:28.393690+00:00,2026-10-03T16:00:00Z,SMU Mustangs,Boston College Eagles,MyBookie.ag,2026-10-03T05:16:36Z,-21.0,55.0,-2039.0,967.0
2026-10-03T05:17:28.393698+00:00,2026-10-03T16:00:00Z,SMU Mustangs,Boston College Eagles,BetUS,2026-10-03T05:16:49Z,-21.0,55.0,-2000.0,1050.0
2026-10-03T05:17:28.393705+00:00,2026-10-03T16:00:00Z,SMU Mustangs,Boston College Eagles,Bovada,2026-10-03T05:16:54Z,-21.0,55.0,-1600.0,800.0
2026-10-03T05:17:28.393712+00:00,2026-10-03T16:00:00Z,Houston Cougars,UCF Knights,FanDuel,2026-10-03T05:17:22Z,-11.5,51.5,-465.0,350.0
2026-10-03T05:17:28.393719+00:00,2026-10-03T16:00:00Z,Houston Cougars,UCF Knights,BetRivers,2026-10-03T05:16:04Z,-11.5,51.0,-480.0,330.0
2026-10-03T05:17:28.393726+00:00,2026-10-03T16:00:00Z,Houston Cougars,UCF Knights,DraftKings,2026-10-03T05:17:22Z,-10.5,50.5,-425.0,330.0
2026-10-03T05:17:28.393733+00:00,2026-10-03T16:00:00Z,Houston Cougars,UCF Knights,BetOnline.ag,2026-10-03T05:16:50Z,-11.0,51.5,-400.0,316.0
2026-10-03T05:17:28.393740+00:00,2026-10-03T16:00:00Z,Houston Cougars,UCF Knights,LowVig.ag,2026-10-03T05:16:51Z,-11.0,51.5,-400.0,316.0
2026-10-03T05:17:28.393748+00:00,2026-10-03T16:00:00Z,Houston Cougars,UCF Knights,BetMGM,2026-10-03T05:16:38Z,-11.0,51.5,-450.0,333.0
2026-10-03T05:17:28.393754+00:00,2026-10-03T16:00:00Z,Houston Cougars,UCF Knights,MyBookie.ag,2026-10-03T05:16:36Z,-11.0,51.0,-490.0,350.0
2026-10-03T05:17:28.393761+00:00,2026-10-03T16:00:00Z,Houston Cougars,UCF Knights,BetUS,2026-10-03T05:16:49Z,-10.5,51.0,-400.0,320.0
2026-10-03T05:17:28.393767+00:00,2026-10-03T16:00:00Z,Houston Cougars,UCF Knights,Bovada,2026-10-03T05:16:54Z,-10.5,51.0,-435.0,325.0
2026-10-03T05:17:28.393775+00:00,2026-10-03T16:00:00Z,Iowa State Cyclones,West Virginia Mountaineers,FanDuel,2026-10-03T05:17:22Z,-2.5,52.5,-152.0,126.0
2026-10-03T05:17:28.393782+00:00,2026-10-03T16:00:00Z,Iowa State Cyclones,West Virginia Mountaineers,BetRivers,2026-10-03T05:16:04Z,-3.0,53.5,-175.0,135.0
2026-10-03T05:17:28.393789+00:00,2026-10-03T16:00:00Z,Iowa State Cyclones,West Virginia Mountaineers,LowVig.ag,2026-10-03T05:16:51Z,-3.5,53.0,-155.0,135.0
2026-10-03T05:17:28.393796+00:00,2026-10-03T16:00:00Z,Iowa State Cyclones,West Virginia Mountaineers,BetOnline.ag,2026-10-03T05:16:50Z,-3.5,53.0,-155.0,135.0
2026-10-03T05:17:28.393803+00:00,2026-10-03T16:00:00Z,Iowa State Cyclones,West Virginia Mountaineers,DraftKings,2026-10-03T05:17:22Z,-3.0,53.5,-155.0,130.0
2026-10-03T05:17:28.393809+00:00,2026-10-03T16:00:00Z,Iowa State Cyclones,West Virginia Mountaineers,BetMGM,2026-10-03T05:16:38Z,-3.0,53.5,-155.0,130.0
2026-10-03T05:17:28.393816+00:00,2026-10-03T16:00:00Z,Iowa State Cyclones,West Virginia Mountaineers,MyBookie.ag,2026-10-03T05:16:36Z,-3.0,53.0,-165.0,134.0
2026-10-03T05:17:28.393822+00:00,2026-10-03T16:00:00Z,Iowa State Cyclones,West Virginia Mountaineers,BetUS,2026-10-03T05:16:49Z,-3.0,53.5,-155.0,134.0
2026-10-03T05:17:28.393829+00:00,2026-10-03T16:00:00Z,Iowa State Cyclones,West Virginia Mountaineers,Bovada,2026-10-03T05:16:54Z,-3.0,53.0,-160.0,135.0
2026-10-03T05:17:28.393836+00:00,2026-10-03T16:00:00Z,Kansas Jayhawks,Middle Tennessee Blue Raiders,FanDuel,2026-10-03T05:17:22Z,-20.5,50.5,-1400.0,800.0
2026-10-03T05:17:28.393843+00:00,2026-10-03T16:00:00Z,Kansas Jayhawks,Middle Tennessee Blue Raiders,DraftKings,2026-10-03T05:17:22Z,-20.5,51.5,-1450.0,850.0
2026-10-03T05:17:28.393850+00:00,2026-10-03T16:00:00Z,Kansas Jayhawks,Middle Tennessee Blue Raiders,BetOnline.ag,2026-10-03T05:16:50Z,-21.0,51.0,-1500.0,874.0
2026-10-03T05:17:28.393858+00:00,2026-10-03T16:00:00Z,Kansas Jayhawks,Middle Tennessee Blue Raiders,LowVig.ag,2026-10-03T05:16:51Z,-21.0,51.0,-1500.0,874.0
2026-10-03T05:17:28.393865+00:00,2026-10-03T16:00:00Z,Kansas Jayhawks,Middle Tennessee Blue Raiders,BetMGM,2026-10-03T05:16:38Z,-20.5,50.5,-1400.0,900.0
2026-10-03T05:17:28.393872+00:00,2026-10-03T16:00:00Z,Kansas Jayhawks,Middle Tennessee Blue Raiders,MyBookie.ag,2026-10-03T05:16:36Z,-20.5,50.5,-1683.0,882.0
2026-10-03T05:17:28.393879+00:00,2026-10-03T16:00:00Z,Kansas Jayhawks,Middle Tennessee Blue Raiders,BetUS,2026-10-03T05:16:49Z,-20.5,51.0,-1500.0,850.0
2026-10-03T05:17:28.393886+00:00,2026-10-03T16:00:00Z,Kansas Jayhawks,Middle Tennessee Blue Raiders,Bovada,2026-10-03T05:16:54Z,-20.5,50.5,-1500.0,775.0
2026-10-03T05:17:28.393893+00:00,2026-10-03T16:00:00Z,Kansas Jayhawks,Middle Tennessee Blue Raiders,BetRivers,2026-10-03T05:16:04Z,-20.0,50.5,-3335.0,1100.0
2026-10-03T05:17:28.393900+00:00,2026-10-03T16:00:00Z,Minnesota Golden Gophers,Michigan Wolverines,DraftKings,2026-10-03T05:17:22Z,6.0,43.5,185.0,-225.0
2026-10-03T05:17:28.393907+00:00,2026-10-03T16:00:00Z,Minnesota Golden Gophers,Michigan Wolverines,FanDuel,2026-10-03T05:17:22Z,6.5,43.5,188.0,-230.0
2026-10-03T05:17:28.393915+00:00,2026-10-03T16:00:00Z,Minnesota Golden Gophers,Michigan Wolverines,BetRivers,2026-10-03T05:16:04Z,6.5,43.5,190.0,-245.0
2026-10-03T05:17:28.393922+00:00,2026-10-03T16:00:00Z,Minnesota Golden Gophers,Michigan Wolverines,LowVig.ag,2026-10-03T05:16:51Z,6.0,43.0,189.0,-225.0
2026-10-03T05:17:28.393929+00:00,2026-10-03T16:00:00Z,Minnesota Golden Gophers,Michigan Wolverines,BetOnline.ag,2026-10-03T05:16:50Z,6.0,43.0,189.0,-225.0
2026-10-03T05:17:28.393935+00:00,2026-10-03T16:00:00Z,Minnesota Golden Gophers,Michigan Wolverines,BetMGM,2026-10-03T05:16:38Z,6.0,43.5,185.0,-225.0
2026-10-03T05:17:28.393942+00:00,2026-10-03T16:00:00Z,Minnesota Golden Gophers,Michigan Wolverines,BetUS,2026-10-03T05:16:49Z,6.0,43.0,190.0,-225.0
2026-10-03T05:17:28.393949+00:00,2026-10-03T16:00:00Z,Minnesota Golden Gophers,Michigan Wolverines,MyBookie.ag,2026-10-03T05:16:36Z,6.0,43.0,200.0,-255.0
2026-10-03T05:17:28.393956+00:00,2026-10-03T16:00:00Z,Minnesota Golden Gophers,Michigan Wolverines,Bovada,2026-10-03T05:16:54Z,6.0,43.0,190.0,-230.0
2026-10-03T05:17:28.393963+00:00,2026-10-03T16:00:00Z,North Carolina Tar Heels,Notre Dame Fighting Irish,DraftKings,2026-10-03T05:17:22Z,21.0,46.5,950.0,-1650.0
2026-10-03T05:17:28.393970+00:00,2026-10-03T16:00:00Z,North Carolina Tar Heels,Notre Dame Fighting Irish,MyBookie.ag,2026-10-03T05:16:36Z,21.0,46.5,1029.0,-2524.0
2026-10-03T05:17:28.393976+00:00,2026-10-03T16:00:00Z,North Carolina Tar Heels,Notre Dame Fighting Irish,FanDuel,2026-10-03T05:17:22Z,21.5,46.5,1000.0,-2100.0
2026-10-03T05:17:28.393983+00:00,2026-10-03T16:00:00Z,North Carolina Tar Heels,Notre Dame Fighting Irish,BetRivers,2026-10-03T05:16:04Z,21.0,47.0,1200.0,-5000.0
2026-10-03T05:17:28.393990+00:00,2026-10-03T16:00:00Z,North Carolina Tar Heels,Notre Dame Fighting Irish,BetOnline.ag,2026-10-03T05:16:50Z,21.0,46.5,979.0,-1800.0
2026-10-03T05:17:28.393998+00:00,2026-10-03T16:00:00Z,North Carolina Tar Heels,Notre Dame Fighting Irish,LowVig.ag,2026-10-03T05:16:51Z,21.0,46.5,979.0,-1800.0
2026-10-03T05:17:28.394004+00:00,2026-10-03T16:00:00Z,North Carolina Tar Heels,Notre Dame Fighting Irish,BetMGM,2026-10-03T05:16:38Z,21.0,46.5,1050.0,-1600.0
2026-10-03T05:17:28.394011+00:00,2026-10-03T16:00:00Z,North Carolina Tar Heels,Notre Dame Fighting Irish,BetUS,2026-10-03T05:16:49Z,21.0,46.5,1000.0,-1800.0
2026-10-03T05:17:28.394018+00:00,2026-10-03T16:00:00Z,North Carolina Tar Heels,Notre Dame Fighting Irish,Bovada,2026-10-03T05:16:54Z,21.0,46.5,850.0,-1800.0
2026-10-03T05:17:28.394024+00:00,2026-10-03T16:00:00Z,Wake Forest Demon Deacons,Stanford Cardinal,FanDuel,2026-10-03T05:17:22Z,-13.5,53.5,-650.0,460.0
2026-10-03T05:17:28.394031+00:00,2026-10-03T16:00:00Z,Wake Forest Demon Deacons,Stanford Cardinal,BetRivers,2026-10-03T05:16:04Z,-14.0,53.5,-670.0,460.0
2026-10-03T05:17:28.394038+00:00,2026-10-03T16:00:00Z,Wake Forest Demon Deacons,Stanford Cardinal,DraftKings,2026-10-03T05:17:22Z,-14.5,53.5,-625.0,455.0
2026-10-03T05:17:28.394045+00:00,2026-10-03T16:00:00Z,Wake Forest Demon Deacons,Stanford Cardinal,BetOnline.ag,2026-10-03T05:16:50Z,-14.0,53.5,-600.0,446.0
2026-10-03T05:17:28.394052+00:00,2026-10-03T16:00:00Z,Wake Forest Demon Deacons,Stanford Cardinal,LowVig.ag,2026-10-03T05:16:51Z,-14.0,53.5,-600.0,446.0
2026-10-03T05:17:28.394059+00:00,2026-10-03T16:00:00Z,Wake Forest Demon Deacons,Stanford Cardinal,BetMGM,2026-10-03T05:16:38Z,-14.5,53.5,-625.0,475.0
2026-10-03T05:17:28.394066+00:00,2026-10-03T16:00:00Z,Wake Forest Demon Deacons,Stanford Cardinal,MyBookie.ag,2026-10-03T05:16:36Z,-14.5,53.5,-625.0,430.0
2026-10-03T05:17:28.394073+00:00,2026-10-03T16:00:00Z,Wake Forest Demon Deacons,Stanford Cardinal,BetUS,2026-10-03T05:16:49Z,-14.5,53.5,-600.0,450.0
2026-10-03T05:17:28.394080+00:00,2026-10-03T16:00:00Z,Wake Forest Demon Deacons,Stanford Cardinal,Bovada,2026-10-03T05:16:54Z,-14.5,54.0,-675.0,460.0
2026-10-03T05:17:28.394087+00:00,2026-10-03T16:00:00Z,UConn Huskies,Syracuse Orange,FanDuel,2026-10-03T05:17:22Z,6.5,50.5,198.0,-245.0
2026-10-03T05:17:28.394094+00:00,2026-10-03T16:00:00Z,UConn Huskies,Syracuse Orange,BetRivers,2026-10-03T05:16:04Z,6.5,50.5,215.0,-278.0
2026-10-03T05:17:28.394102+00:00,2026-10-03T16:00:00Z,UConn Huskies,Syracuse Orange,LowVig.ag,2026-10-03T05:16:51Z,6.5,50.0,211.0,-255.0
2026-10-03T05:17:28.394109+00:00,2026-10-03T16:00:00Z,UConn Huskies,Syracuse Orange,BetOnline.ag,2026-10-03T05:16:50Z,6.5,50.0,211.0,-255.0
2026-10-03T05:17:28.394116+00:00,2026-10-03T16:00:00Z,UConn Huskies,Syracuse Orange,DraftKings,2026-10-03T05:17:22Z,6.5,50.5,215.0,-265.0
2026-10-03T05:17:28.394123+00:00,2026-10-03T16:00:00Z,UConn Huskies,Syracuse Orange,MyBookie.ag,2026-10-03T05:16:36Z,7.0,50.5,212.0,-270.0
2026-10-03T05:17:28.394129+00:00,2026-10-03T16:00:00Z,UConn Huskies,Syracuse Orange,BetUS,2026-10-03T05:16:49Z,6.5,50.5,215.0,-255.0
2026-10-03T05:17:28.394136+00:00,2026-10-03T16:00:00Z,UConn Huskies,Syracuse Orange,BetMGM,2026-10-03T05:16:38Z,6.5,50.5,210.0,-250.0
2026-10-03T05:17:28.394142+00:00,2026-10-03T16:00:00Z,UConn Huskies,Syracuse Orange,Bovada,2026-10-03T05:16:54Z,7.0,50.5,215.0,-260.0
2026-10-03T05:17:28.394149+00:00,2026-10-03T16:30:00Z,Wisconsin Badgers,Michigan State Spartans,FanDuel,2026-10-03T05:17:22Z,-9.5,43.5,-410.0,315.0
2026-10-03T05:17:28.394156+00:00,2026-10-03T16:30:00Z,Wisconsin Badgers,Michigan State Spartans,DraftKings,2026-10-03T05:17:22Z,-8.5,43.5,-360.0,285.0
2026-10-03T05:17:28.394163+00:00,2026-10-03T16:30:00Z,Wisconsin Badgers,Michigan State Spartans,BetRivers,2026-10-03T05:16:04Z,-9.5,43.5,-375.0,275.0
2026-10-03T05:17:28.394170+00:00,2026-10-03T16:30:00Z,Wisconsin Badgers,Michigan State Spartans,BetOnline.ag,2026-10-03T05:16:50Z,-9.0,43.5,-350.0,280.0
2026-10-03T05:17:28.394176+00:00,2026-10-03T16:30:00Z,Wisconsin Badgers,Michigan State Spartans,LowVig.ag,2026-10-03T05:16:51Z,-9.0,43.5,-350.0,280.0
2026-10-03T05:17:28.394183+00:00,2026-10-03T16:30:00Z,Wisconsin Badgers,Michigan State Spartans,MyBookie.ag,2026-10-03T05:16:36Z,-9.0,43.5,-391.0,295.0
2026-10-03T05:17:28.394189+00:00,2026-10-03T16:30:00Z,Wisconsin Badgers,Michigan State Spartans,BetUS,2026-10-03T05:16:49Z,-8.0,43.5,-350.0,280.0
2026-10-03T05:17:28.394196+00:00,2026-10-03T16:30:00Z,Wisconsin Badgers,Michigan State Spartans,BetMGM,2026-10-03T05:16:38Z,-9.0,43.5,-375.0,290.0
2026-10-03T05:17:28.394203+00:00,2026-10-03T16:30:00Z,Wisconsin Badgers,Michigan State Spartans,Bovada,2026-10-03T05:16:54Z,-9.0,43.0,-370.0,285.0
2026-10-03T05:17:28.394209+00:00,2026-10-03T16:45:00Z,Georgia Bulldogs,Vanderbilt Commodores,DraftKings,2026-10-03T05:17:22Z,-25.5,50.5,-3200.0,1400.0
2026-10-03T05:17:28.394217+00:00,2026-10-03T16:45:00Z,Georgia Bulldogs,Vanderbilt Commodores,FanDuel,2026-10-03T05:17:22Z,-24.5,50.5,-4500.0,1600.0
2026-10-03T05:17:28.394223+00:00,2026-10-03T16:45:00Z,Georgia Bulldogs,Vanderbilt Commodores,BetRivers,2026-10-03T05:16:04Z,-25.0,50.5,-10000.0,1500.0
2026-10-03T05:17:28.394230+00:00,2026-10-03T16:45:00Z,Georgia Bulldogs,Vanderbilt Commodores,BetOnline.ag,2026-10-03T05:16:50Z,-25.0,51.0,-3200.0,1296.0
2026-10-03T05:17:28.394236+00:00,2026-10-03T16:45:00Z,Georgia Bulldogs,Vanderbilt Commodores,LowVig.ag,2026-10-03T05:16:51Z,-25.0,51.0,-3200.0,1296.0
2026-10-03T05:17:28.394243+00:00,2026-10-03T16:45:00Z,Georgia Bulldogs,Vanderbilt Commodores,BetMGM,2026-10-03T05:16:38Z,-25.0,50.5,-3000.0,1550.0
2026-10-03T05:17:28.394249+00:00,2026-10-03T16:45:00Z,Georgia Bulldogs,Vanderbilt Commodores,MyBookie.ag,2026-10-03T05:16:36Z,-25.5,50.5,-5049.0,1355.0
2026-10-03T05:17:28.394256+00:00,2026-10-03T16:45:00Z,Georgia Bulldogs,Vanderbilt Commodores,BetUS,2026-10-03T05:16:49Z,-25.5,51.0,-3000.0,1300.0
2026-10-03T05:17:28.394275+00:00,2026-10-03T16:45:00Z,Georgia Bulldogs,Vanderbilt Commodores,Bovada,2026-10-03T05:16:54Z,-25.5,51.0,-3500.0,1100.0
2026-10-03T05:17:28.394282+00:00,2026-10-03T17:00:00Z,Buffalo Bulls,Western Michigan Broncos,DraftKings,2026-10-03T05:17:22Z,12.5,45.5,400.0,-535.0
2026-10-03T05:17:28.394288+00:00,2026-10-03T17:00:00Z,Buffalo Bulls,Western Michigan Broncos,LowVig.ag,2026-10-03T05:16:51Z,13.0,46.0,393.0,-515.0
2026-10-03T05:17:28.394294+00:00,2026-10-03T17:00:00Z,Buffalo Bulls,Western Michigan Broncos,BetOnline.ag,2026-10-03T05:16:50Z,13.0,46.0,393.0,-515.0
2026-10-03T05:17:28.394301+00:00,2026-10-03T17:00:00Z,Buffalo Bulls,Western Michigan Broncos,FanDuel,2026-10-03T05:17:22Z,12.5,46.5,400.0,-550.0
2026-10-03T05:17:28.394307+00:00,2026-10-03T17:00:00Z,Buffalo Bulls,Western Michigan Broncos,MyBookie.ag,2026-10-03T05:16:36Z,13.0,46.0,430.0,-625.0
2026-10-03T05:17:28.394314+00:00,2026-10-03T17:00:00Z,Buffalo Bulls,Western Michigan Broncos,BetUS,2026-10-03T05:16:49Z,13.0,46.0,390.0,-500.0
2026-10-03T05:17:28.394321+00:00,2026-10-03T17:00:00Z,Buffalo Bulls,Western Michigan Broncos,BetMGM,2026-10-03T05:16:38Z,13.0,46.5,400.0,-525.0
2026-10-03T05:17:28.394327+00:00,2026-10-03T17:00:00Z,Buffalo Bulls,Western Michigan Broncos,BetRivers,2026-10-03T05:16:04Z,12.5,46.5,480.0,-715.0
2026-10-03T05:17:28.394334+00:00,2026-10-03T17:00:00Z,Buffalo Bulls,Western Michigan Broncos,Bovada,2026-10-03T05:16:54Z,13.0,46.0,410.0,-585.0
2026-10-03T05:17:28.394341+00:00,2026-10-03T18:00:00Z,Ball State Cardinals,Toledo Rockets,FanDuel,2026-10-03T05:17:22Z,21.5,51.5,890.0,-1700.0
2026-10-03T05:17:28.394348+00:00,2026-10-03T18:00:00Z,Ball State Cardinals,Toledo Rockets,BetRivers,2026-10-03T05:16:04Z,21.0,51.5,1200.0,-10000.0
2026-10-03T05:17:28.394355+00:00,2026-10-03T18:00:00Z,Ball State Cardinals,Toledo Rockets,DraftKings,2026-10-03T05:17:22Z,21.0,51.5,850.0,-1450.0
2026-10-03T05:17:28.394361+00:00,2026-10-03T18:00:00Z,Ball State Cardinals,Toledo Rockets,BetOnline.ag,2026-10-03T05:16:50Z,21.0,52.0,795.0,-1300.0
2026-10-03T05:17:28.394368+00:00,2026-10-03T18:00:00Z,Ball State Cardinals,Toledo Rockets,LowVig.ag,2026-10-03T05:16:51Z,21.0,52.0,795.0,-1300.0
2026-10-03T05:17:28.394375+00:00,2026-10-03T18:00:00Z,Ball State Cardinals,Toledo Rockets,BetMGM,2026-10-03T05:16:38Z,21.0,51.5,950.0,-1400.0
2026-10-03T05:17:28.394381+00:00,2026-10-03T18:00:00Z,Ball State Cardinals,Toledo Rockets,MyBookie.ag,2026-10-03T05:16:36Z,21.0,52.0,907.0,-2019.0
2026-10-03T05:17:28.394388+00:00,2026-10-03T18:00:00Z,Ball State Cardinals,Toledo Rockets,BetUS,2026-10-03T05:16:49Z,21.0,51.5,780.0,-1300.0
2026-10-03T05:17:28.394395+00:00,2026-10-03T18:00:00Z,Ball State Cardinals,Toledo Rockets,Bovada,2026-10-03T05:16:54Z,21.0,52.0,775.0,-1500.0
2026-10-03T05:17:28.394401+00:00,2026-10-03T19:30:00Z,Central Michigan Chippewas,Akron Zips,FanDuel,2026-10-03T05:17:22Z,-6.5,47.5,-245.0,198.0
2026-10-03T05:17:28.394408+00:00,2026-10-03T19:30:00Z,Central Michigan Chippewas,Akron Zips,BetRivers,2026-10-03T05:16:04Z,-7.0,47.5,-295.0,225.0
2026-10-03T05:17:28.394414+00:00,2026-10-03T19:30:00Z,Central Michigan Chippewas,Akron Zips,DraftKings,2026-10-03T05:17:22Z,-6.5,47.5,-258.0,210.0
2026-10-03T05:17:28.394421+00:00,2026-10-03T19:30:00Z,Central Michigan Chippewas,Akron Zips,LowVig.ag,2026-10-03T05:16:51Z,-6.5,47.0,-255.0,211.0
2026-10-03T05:17:28.394427+00:00,2026-10-03T19:30:00Z,Central Michigan Chippewas,Akron Zips,BetOnline.ag,2026-10-03T05:16:50Z,-6.5,47.0,-255.0,211.0
2026-10-03T05:17:28.394434+00:00,2026-10-03T19:30:00Z,Central Michigan Chippewas,Akron Zips,MyBookie.ag,2026-10-03T05:16:36Z,-6.5,47.0,-256.0,204.0
2026-10-03T05:17:28.394440+00:00,2026-10-03T19:30:00Z,Central Michigan Chippewas,Akron Zips,BetMGM,2026-10-03T05:16:38Z,-7.0,47.5,-250.0,210.0
2026-10-03T05:17:28.394447+00:00,2026-10-03T19:30:00Z,Central Michigan Chippewas,Akron Zips,BetUS,2026-10-03T05:16:49Z,-6.5,47.0,-240.0,203.0
2026-10-03T05:17:28.394454+00:00,2026-10-03T19:30:00Z,Central Michigan Chippewas,Akron Zips,Bovada,2026-10-03T05:16:54Z,-7.0,47.0,-260.0,215.0
2026-10-03T05:17:28.394461+00:00,2026-10-03T19:30:00Z,Tennessee Volunteers,Auburn Tigers,DraftKings,2026-10-03T05:17:22Z,-6.5,53.5,-258.0,210.0
2026-10-03T05:17:28.394468+00:00,2026-10-03T19:30:00Z,Tennessee Volunteers,Auburn Tigers,FanDuel,2026-10-03T05:17:22Z,-6.5,54.5,-275.0,220.0
2026-10-03T05:17:28.394474+00:00,2026-10-03T19:30:00Z,Tennessee Volunteers,Auburn Tigers,BetRivers,2026-10-03T05:16:04Z,-6.5,54.5,-250.0,195.0
2026-10-03T05:17:28.394481+00:00,2026-10-03T19:30:00Z,Tennessee Volunteers,Auburn Tigers,LowVig.ag,2026-10-03T05:16:51Z,-6.5,54.0,-257.0,212.0
2026-10-03T05:17:28.394487+00:00,2026-10-03T19:30:00Z,Tennessee Volunteers,Auburn Tigers,BetOnline.ag,2026-10-03T05:16:50Z,-6.5,54.0,-257.0,212.0
2026-10-03T05:17:28.394494+00:00,2026-10-03T19:30:00Z,Tennessee Volunteers,Auburn Tigers,MyBookie.ag,2026-10-03T05:16:36Z,-6.5,54.0,-265.0,210.0
2026-10-03T05:17:28.394510+00:00,2026-10-03T19:30:00Z,Tennessee Volunteers,Auburn Tigers,BetMGM,2026-10-03T05:16:38Z,-6.5,54.5,-250.0,210.0
2026-10-03T05:17:28.394522+00:00,2026-10-03T19:30:00Z,Tennessee Volunteers,Auburn Tigers,BetUS,2026-10-03T05:16:49Z,-6.5,54.0,-255.0,215.0
2026-10-03T05:17:28.394533+00:00,2026-10-03T19:30:00Z,Tennessee Volunteers,Auburn Tigers,Bovada,2026-10-03T05:16:54Z,-6.5,54.0,-260.0,215.0
2026-10-03T05:17:28.394544+00:00,2026-10-03T19:30:00Z,Miami (OH) RedHawks,Bowling Green Falcons,DraftKings,2026-10-03T05:17:22Z,-12.5,42.5,-500.0,380.0
2026-10-03T05:17:28.394554+00:00,2026-10-03T19:30:00Z,Miami (OH) RedHawks,Bowling Green Falcons,BetOnline.ag,2026-10-03T05:16:50Z,-11.5,43.0,-490.0,377.0
2026-10-03T05:17:28.394564+00:00,2026-10-03T19:30:00Z,Miami (OH) RedHawks,Bowling Green Falcons,LowVig.ag,2026-10-03T05:16:51Z,-11.5,43.0,-490.0,377.0
2026-10-03T05:17:28.394575+00:00,2026-10-03T19:30:00Z,Miami (OH) RedHawks,Bowling Green Falcons,FanDuel,2026-10-03T05:17:22Z,-12.5,43.5,-550.0,400.0
2026-10-03T05:17:28.394587+00:00,2026-10-03T19:30:00Z,Miami (OH) RedHawks,Bowling Green Falcons,MyBookie.ag,2026-10-03T05:16:36Z,-12.5,43.0,-562.0,405.0
2026-10-03T05:17:28.394598+00:00,2026-10-03T19:30:00Z,Miami (OH) RedHawks,Bowling Green Falcons,BetMGM,2026-10-03T05:16:38Z,-12.0,42.5,-525.0,400.0
2026-10-03T05:17:28.394608+00:00,2026-10-03T19:30:00Z,Miami (OH) RedHawks,Bowling Green Falcons,BetUS,2026-10-03T05:16:49Z,-12.0,43.0,-490.0,382.0
2026-10-03T05:17:28.394615+00:00,2026-10-03T19:30:00Z,Miami (OH) RedHawks,Bowling Green Falcons,Bovada,2026-10-03T05:16:54Z,-12.0,43.0,-550.0,390.0
2026-10-03T05:17:28.394622+00:00,2026-10-03T19:30:00Z,Miami (OH) RedHawks,Bowling Green Falcons,BetRivers,2026-10-03T05:16:04Z,-12.5,42.5,-715.0,480.0
2026-10-03T05:17:28.394629+00:00,2026-10-03T19:30:00Z,UNLV Rebels,California Golden Bears,FanDuel,2026-10-03T05:17:22Z,-2.5,52.5,-126.0,105.0
2026-10-03T05:17:28.394642+00:00,2026-10-03T19:30:00Z,UNLV Rebels,California Golden Bears,BetRivers,2026-10-03T05:16:04Z,-1.5,53.5,-124.0,100.0
2026-10-03T05:17:28.394655+00:00,2026-10-03T19:30:00Z,UNLV Rebels,California Golden Bears,LowVig.ag,2026-10-03T05:16:51Z,-2.5,53.5,-135.0,115.0
2026-10-03T05:17:28.394666+00:00,2026-10-03T19:30:00Z,UNLV Rebels,California Golden Bears,BetOnline.ag,2026-10-03T05:16:50Z,-2.5,53.5,-135.0,115.0
2026-10-03T05:17:28.394673+00:00,2026-10-03T19:30:00Z,UNLV Rebels,California Golden Bears,DraftKings,2026-10-03T05:17:22Z,-2.5,52.5,-130.0,110.0
2026-10-03T05:17:28.394680+00:00,2026-10-03T19:30:00Z,UNLV Rebels,California Golden Bears,MyBookie.ag,2026-10-03T05:16:36Z,-2.0,53.0,-132.0,108.0
2026-10-03T05:17:28.394687+00:00,2026-10-03T19:30:00Z,UNLV Rebels,California Golden Bears,BetMGM,2026-10-03T05:16:38Z,-2.5,52.5,-130.0,110.0
2026-10-03T05:17:28.394695+00:00,2026-10-03T19:30:00Z,UNLV Rebels,California Golden Bears,BetUS,2026-10-03T05:16:49Z,-2.0,53.0,-130.0,110.0
2026-10-03T05:17:28.394702+00:00,2026-10-03T19:30:00Z,UNLV Rebels,California Golden Bears,Bovada,2026-10-03T05:16:54Z,-2.0,53.0,-130.0,110.0
2026-10-03T05:17:28.394709+00:00,2026-10-03T19:30:00Z,UMass Minutemen,Eastern Michigan Eagles,DraftKings,2026-10-03T05:17:22Z,-5.5,48.5,-225.0,185.0
2026-10-03T05:17:28.394716+00:00,2026-10-03T19:30:00Z,UMass Minutemen,Eastern Michigan Eagles,LowVig.ag,2026-10-03T05:16:51Z,-5.5,48.5,-225.0,189.0
2026-10-03T05:17:28.394723+00:00,2026-10-03T19:30:00Z,UMass Minutemen,Eastern Michigan Eagles,BetOnline.ag,2026-10-03T05:16:50Z,-5.5,48.5,-225.0,189.0
2026-10-03T05:17:28.394730+00:00,2026-10-03T19:30:00Z,UMass Minutemen,Eastern Michigan Eagles,FanDuel,2026-10-03T05:17:22Z,-5.5,48.5,-210.0,172.0
2026-10-03T05:17:28.394737+00:00,2026-10-03T19:30:00Z,UMass Minutemen,Eastern Michigan Eagles,MyBookie.ag,2026-10-03T05:16:36Z,,49.0,,
2026-10-03T05:17:28.394743+00:00,2026-10-03T19:30:00Z,UMass Minutemen,Eastern Michigan Eagles,BetMGM,2026-10-03T05:16:38Z,-5.5,48.5,-220.0,180.0
2026-10-03T05:17:28.394749+00:00,2026-10-03T19:30:00Z,UMass Minutemen,Eastern Michigan Eagles,BetUS,2026-10-03T05:16:49Z,-6.0,48.5,-220.0,185.0
2026-10-03T05:17:28.394756+00:00,2026-10-03T19:30:00Z,UMass Minutemen,Eastern Michigan Eagles,BetRivers,2026-10-03T05:16:04Z,-6.0,48.5,-225.0,175.0
2026-10-03T05:17:28.394763+00:00,2026-10-03T19:30:00Z,UMass Minutemen,Eastern Michigan Eagles,Bovada,2026-10-03T05:16:54Z,-6.0,49.0,-225.0,185.0
2026-10-03T05:17:28.394769+00:00,2026-10-03T19:30:00Z,Missouri Tigers,Florida Gators,DraftKings,2026-10-03T05:17:22Z,5.5,57.5,180.0,-218.0
2026-10-03T05:17:28.394779+00:00,2026-10-03T19:30:00Z,Missouri Tigers,Florida Gators,FanDuel,2026-10-03T05:17:22Z,5.5,57.5,176.0,-215.0
2026-10-03T05:17:28.394788+00:00,2026-10-03T19:30:00Z,Missouri Tigers,Florida Gators,BetRivers,2026-10-03T05:16:04Z,5.5,57.5,175.0,-225.0
2026-10-03T05:17:28.394795+00:00,2026-10-03T19:30:00Z,Missouri Tigers,Florida Gators,BetOnline.ag,2026-10-03T05:16:50Z,5.5,57.5,186.0,-220.0
2026-10-03T05:17:28.394802+00:00,2026-10-03T19:30:00Z,Missouri Tigers,Florida Gators,LowVig.ag,2026-10-03T05:16:51Z,5.5,57.5,186.0,-220.0
2026-10-03T05:17:28.394808+00:00,2026-10-03T19:30:00Z,Missouri Tigers,Florida Gators,MyBookie.ag,2026-10-03T05:16:36Z,5.5,57.5,182.0,-228.0
2026-10-03T05:17:28.394815+00:00,2026-10-03T19:30:00Z,Missouri Tigers,Florida Gators,BetMGM,2026-10-03T05:16:38Z,5.5,57.5,180.0,-220.0
2026-10-03T05:17:28.394821+00:00,2026-10-03T19:30:00Z,Missouri Tigers,Florida Gators,BetUS,2026-10-03T05:16:49Z,5.5,58.0,185.0,-220.0
2026-10-03T05:17:28.394828+00:00,2026-10-03T19:30:00Z,Missouri Tigers,Florida Gators,Bovada,2026-10-03T05:16:54Z,5.5,58.0,190.0,-230.0
2026-10-03T05:17:28.394835+00:00,2026-10-03T19:30:00Z,Florida State Seminoles,Virginia Cavaliers,FanDuel,2026-10-03T05:17:22Z,1.5,51.5,100.0,-120.0
2026-10-03T05:17:28.394842+00:00,2026-10-03T19:30:00Z,Florida State Seminoles,Virginia Cavaliers,DraftKings,2026-10-03T05:17:22Z,1.5,51.5,-102.0,-118.0
2026-10-03T05:17:28.394848+00:00,2026-10-03T19:30:00Z,Florida State Seminoles,Virginia Cavaliers,BetRivers,2026-10-03T05:16:04Z,2.0,51.5,104.0,-129.0
2026-10-03T05:17:28.394855+00:00,2026-10-03T19:30:00Z,Florida State Seminoles,Virginia Cavaliers,BetOnline.ag,2026-10-03T05:16:50Z,1.5,52.5,103.0,-123.0
2026-10-03T05:17:28.394862+00:00,2026-10-03T19:30:00Z,Florida State Seminoles,Virginia Cavaliers,LowVig.ag,2026-10-03T05:16:51Z,1.5,52.5,103.0,-123.0
2026-10-03T05:17:28.394869+00:00,2026-10-03T19:30:00Z,Florida State Seminoles,Virginia Cavaliers,MyBookie.ag,2026-10-03T05:16:36Z,1.5,52.0,100.0,-123.0
2026-10-03T05:17:28.394875+00:00,2026-10-03T19:30:00Z,Florida State Seminoles,Virginia Cavaliers,BetMGM,2026-10-03T05:16:38Z,1.5,51.5,100.0,-118.0
2026-10-03T05:17:28.394882+00:00,2026-10-03T19:30:00Z,Florida State Seminoles,Virginia Cavaliers,BetUS,2026-10-03T05:16:49Z,1.5,52.0,100.0,-120.0
2026-10-03T05:17:28.394888+00:00,2026-10-03T19:30:00Z,Florida State Seminoles,Virginia Cavaliers,Bovada,2026-10-03T05:16:54Z,1.0,51.5,100.0,-120.0
2026-10-03T05:17:28.394895+00:00,2026-10-03T19:30:00Z,Georgia State Panthers,Old Dominion Monarchs,FanDuel,2026-10-03T05:17:22Z,-2.5,51.5,-128.0,106.0
2026-10-03T05:17:28.394902+00:00,2026-10-03T19:30:00Z,Georgia State Panthers,Old Dominion Monarchs,DraftKings,2026-10-03T05:17:22Z,-2.5,51.5,-135.0,114.0
2026-10-03T05:17:28.394909+00:00,2026-10-03T19:30:00Z,Georgia State Panthers,Old Dominion Monarchs,BetRivers,2026-10-03T05:16:04Z,-2.5,51.5,-148.0,118.0
2026-10-03T05:17:28.394916+00:00,2026-10-03T19:30:00Z,Georgia State Panthers,Old Dominion Monarchs,LowVig.ag,2026-10-03T05:16:51Z,-2.5,51.5,-135.0,115.0
2026-10-03T05:17:28.394923+00:00,2026-10-03T19:30:00Z,Georgia State Panthers,Old Dominion Monarchs,BetOnline.ag,2026-10-03T05:16:50Z,-2.5,51.5,-135.0,115.0
2026-10-03T05:17:28.394929+00:00,2026-10-03T19:30:00Z,Georgia State Panthers,Old Dominion Monarchs,MyBookie.ag,2026-10-03T05:16:36Z,-2.5,51.5,-136.0,111.0
2026-10-03T05:17:28.394936+00:00,2026-10-03T19:30:00Z,Georgia State Panthers,Old Dominion Monarchs,BetMGM,2026-10-03T05:16:38Z,-2.5,51.5,-135.0,110.0
2026-10-03T05:17:28.394942+00:00,2026-10-03T19:30:00Z,Georgia State Panthers,Old Dominion Monarchs,BetUS,2026-10-03T05:16:49Z,-2.5,51.5,-135.0,115.0
2026-10-03T05:17:28.394949+00:00,2026-10-03T19:30:00Z,Georgia State Panthers,Old Dominion Monarchs,Bovada,2026-10-03T05:16:54Z,-2.5,51.5,-135.0,115.0
2026-10-03T05:17:28.394956+00:00,2026-10-03T19:30:00Z,Iowa Hawkeyes,Ohio State Buckeyes,DraftKings,2026-10-03T05:17:22Z,14.5,45.5,455.0,-625.0
2026-10-03T05:17:28.394962+00:00,2026-10-03T19:30:00Z,Iowa Hawkeyes,Ohio State Buckeyes,FanDuel,2026-10-03T05:17:22Z,14.5,45.5,490.0,-710.0
2026-10-03T05:17:28.394969+00:00,2026-10-03T19:30:00Z,Iowa Hawkeyes,Ohio State Buckeyes,BetMGM,2026-10-03T05:16:38Z,14.0,45.5,500.0,-650.0
2026-10-03T05:17:28.394976+00:00,2026-10-03T19:30:00Z,Iowa Hawkeyes,Ohio State Buckeyes,BetRivers,2026-10-03T05:16:04Z,14.0,46.0,480.0,-770.0
2026-10-03T05:17:28.394982+00:00,2026-10-03T19:30:00Z,Iowa Hawkeyes,Ohio State Buckeyes,BetOnline.ag,2026-10-03T05:16:50Z,14.0,45.5,476.0,-650.0
2026-10-03T05:17:28.394989+00:00,2026-10-03T19:30:00Z,Iowa Hawkeyes,Ohio State Buckeyes,LowVig.ag,2026-10-03T05:16:51Z,14.0,45.5,476.0,-650.0
2026-10-03T05:17:28.394996+00:00,2026-10-03T19:30:00Z,Iowa Hawkeyes,Ohio State Buckeyes,MyBookie.ag,2026-10-03T05:16:36Z,14.5,45.5,467.0,-720.0
2026-10-03T05:17:28.395003+00:00,2026-10-03T19:30:00Z,Iowa Hawkeyes,Ohio State Buckeyes,BetUS,2026-10-03T05:16:49Z,14.5,46.0,475.0,-650.0
2026-10-03T05:17:28.395010+00:00,2026-10-03T19:30:00Z,Iowa Hawkeyes,Ohio State Buckeyes,Bovada,2026-10-03T05:16:54Z,14.0,45.5,450.0,-650.0
2026-10-03T05:17:28.395017+00:00,2026-10-03T19:30:00Z,Kent State Golden Flashes,Ohio Bobcats,FanDuel,2026-10-03T05:17:22Z,3.5,50.5,140.0,-170.0
2026-10-03T05:17:28.395024+00:00,2026-10-03T19:30:00Z,Kent State Golden Flashes,Ohio Bobcats,BetRivers,2026-10-03T05:16:04Z,3.5,50.5,140.0,-177.0
2026-10-03T05:17:28.395031+00:00,2026-10-03T19:30:00Z,Kent State Golden Flashes,Ohio Bobcats,DraftKings,2026-10-03T05:17:22Z,3.5,50.5,145.0,-175.0
2026-10-03T05:17:28.395038+00:00,2026-10-03T19:30:00Z,Kent State Golden Flashes,Ohio Bobcats,LowVig.ag,2026-10-03T05:16:51Z,3.5,50.5,145.0,-165.0
2026-10-03T05:17:28.395045+00:00,2026-10-03T19:30:00Z,Kent State Golden Flashes,Ohio Bobcats,BetOnline.ag,2026-10-03T05:16:50Z,3.5,50.5,145.0,-165.0
2026-10-03T05:17:28.395051+00:00,2026-10-03T19:30:00Z,Kent State Golden Flashes,Ohio Bobcats,MyBookie.ag,2026-10-03T05:16:36Z,3.5,50.5,149.0,-184.0
2026-10-03T05:17:28.395058+00:00,2026-10-03T19:30:00Z,Kent State Golden Flashes,Ohio Bobcats,BetMGM,2026-10-03T05:16:38Z,3.5,50.5,145.0,-175.0
2026-10-03T05:17:28.395065+00:00,2026-10-03T19:30:00Z,Kent State Golden Flashes,Ohio Bobcats,BetUS,2026-10-03T05:16:49Z,3.5,50.5,142.0,-165.0
2026-10-03T05:17:28.395071+00:00,2026-10-03T19:30:00Z,Kent State Golden Flashes,Ohio Bobcats,Bovada,2026-10-03T05:16:54Z,3.5,51.0,145.0,-170.0
2026-10-03T05:17:28.395079+00:00,2026-10-03T19:30:00Z,NC State Wolfpack,Louisville Cardinals,DraftKings,2026-10-03T05:17:22Z,3.0,57.5,140.0,-166.0
2026-10-03T05:17:28.395086+00:00,2026-10-03T19:30:00Z,NC State Wolfpack,Louisville Cardinals,FanDuel,2026-10-03T05:17:22Z,3.5,57.5,132.0,-160.0
2026-10-03T05:17:28.395092+00:00,2026-10-03T19:30:00Z,NC State Wolfpack,Louisville Cardinals,BetRivers,2026-10-03T05:16:04Z,3.5,58.0,135.0,-175.0
2026-10-03T05:17:28.395099+00:00,2026-10-03T19:30:00Z,NC State Wolfpack,Louisville Cardinals,BetOnline.ag,2026-10-03T05:16:50Z,3.0,58.0,140.0,-160.0
2026-10-03T05:17:28.395106+00:00,2026-10-03T19:30:00Z,NC State Wolfpack,Louisville Cardinals,LowVig.ag,2026-10-03T05:16:51Z,3.0,58.0,140.0,-160.0
2026-10-03T05:17:28.395113+00:00,2026-10-03T19:30:00Z,NC State Wolfpack,Louisville Cardinals,MyBookie.ag,2026-10-03T05:16:36Z,3.0,58.0,134.0,-164.0
2026-10-03T05:17:28.395119+00:00,2026-10-03T19:30:00Z,NC State Wolfpack,Louisville Cardinals,BetMGM,2026-10-03T05:16:38Z,3.0,57.5,138.0,-165.0
2026-10-03T05:17:28.395126+00:00,2026-10-03T19:30:00Z,NC State Wolfpack,Louisville Cardinals,BetUS,2026-10-03T05:16:49Z,3.0,58.0,138.0,-160.0
2026-10-03T05:17:28.395132+00:00,2026-10-03T19:30:00Z,NC State Wolfpack,Louisville Cardinals,Bovada,2026-10-03T05:16:54Z,3.0,57.5,135.0,-160.0
2026-10-03T05:17:28.395139+00:00,2026-10-03T19:30:00Z,North Dakota State Bison,Wyoming Cowboys,FanDuel,2026-10-03T05:17:22Z,-17.5,44.5,-1100.0,680.0
2026-10-03T05:17:28.395146+00:00,2026-10-03T19:30:00Z,North Dakota State Bison,Wyoming Cowboys,DraftKings,2026-10-03T05:17:22Z,-17.5,44.5,-1050.0,675.0
2026-10-03T05:17:28.395152+00:00,2026-10-03T19:30:00Z,North Dakota State Bison,Wyoming Cowboys,LowVig.ag,2026-10-03T05:16:51Z,-17.0,44.0,-1100.0,709.0
2026-10-03T05:17:28.395159+00:00,2026-10-03T19:30:00Z,North Dakota State Bison,Wyoming Cowboys,BetOnline.ag,2026-10-03T05:16:50Z,-17.0,44.0,-1100.0,709.0
2026-10-03T05:17:28.395165+00:00,2026-10-03T19:30:00Z,North Dakota State Bison,Wyoming Cowboys,MyBookie.ag,2026-10-03T05:16:36Z,-17.0,44.5,-1000.0,620.0
2026-10-03T05:17:28.395172+00:00,2026-10-03T19:30:00Z,North Dakota State Bison,Wyoming Cowboys,BetMGM,2026-10-03T05:16:38Z,-17.0,44.5,-1000.0,700.0
2026-10-03T05:17:28.395178+00:00,2026-10-03T19:30:00Z,North Dakota State Bison,Wyoming Cowboys,BetUS,2026-10-03T05:16:49Z,-17.0,44.0,-1000.0,650.0
2026-10-03T05:17:28.395185+00:00,2026-10-03T19:30:00Z,North Dakota State Bison,Wyoming Cowboys,BetRivers,2026-10-03T05:16:04Z,-17.0,45.5,-1250.0,700.0
2026-10-03T05:17:28.395191+00:00,2026-10-03T19:30:00Z,North Dakota State Bison,Wyoming Cowboys,Bovada,2026-10-03T05:16:54Z,-17.0,45.0,-1100.0,650.0
2026-10-03T05:17:28.395198+00:00,2026-10-03T19:30:00Z,UAB Blazers,Samford Bulldogs,FanDuel,2026-10-03T05:17:22Z,-30.5,52.5,-8000.0,2200.0
2026-10-03T05:17:28.395205+00:00,2026-10-03T19:30:00Z,UAB Blazers,Samford Bulldogs,DraftKings,2026-10-03T05:17:22Z,-30.5,52.5,-20000.0,3500.0
2026-10-03T05:17:28.395211+00:00,2026-10-03T19:30:00Z,UAB Blazers,Samford Bulldogs,LowVig.ag,2026-10-03T05:16:51Z,-30.5,52.5,,
2026-10-03T05:17:28.395218+00:00,2026-10-03T19:30:00Z,UAB Blazers,Samford Bulldogs,BetOnline.ag,2026-10-03T05:16:50Z,-30.5,52.5,,
2026-10-03T05:17:28.395224+00:00,2026-10-03T19:30:00Z,UAB Blazers,Samford Bulldogs,BetRivers,2026-10-03T05:16:04Z,-30.5,52.5,,
2026-10-03T05:17:28.395230+00:00,2026-10-03T19:30:00Z,UAB Blazers,Samford Bulldogs,Bovada,2026-10-03T05:16:54Z,-30.5,53.0,,
2026-10-03T05:17:28.395236+00:00,2026-10-03T19:30:00Z,UAB Blazers,Samford Bulldogs,BetMGM,2026-10-03T05:16:38Z,-30.5,53.5,-10000.0,2800.0
2026-10-03T05:17:28.395243+00:00,2026-10-03T19:45:00Z,James Madison Dukes,Marshall Thundering Herd,FanDuel,2026-10-03T05:17:22Z,-18.5,56.5,-1100.0,680.0
2026-10-03T05:17:28.395250+00:00,2026-10-03T19:45:00Z,James Madison Dukes,Marshall Thundering Herd,BetRivers,2026-10-03T05:16:04Z,-17.5,56.5,-1667.0,800.0
2026-10-03T05:17:28.395256+00:00,2026-10-03T19:45:00Z,James Madison Dukes,Marshall Thundering Herd,DraftKings,2026-10-03T05:17:22Z,-18.5,55.5,-1100.0,700.0
2026-10-03T05:17:28.395276+00:00,2026-10-03T19:45:00Z,James Madison Dukes,Marshall Thundering Herd,LowVig.ag,2026-10-03T05:16:51Z,-18.5,56.5,-1150.0,732.0
2026-10-03T05:17:28.395283+00:00,2026-10-03T19:45:00Z,James Madison Dukes,Marshall Thundering Herd,BetOnline.ag,2026-10-03T05:16:50Z,-18.5,56.5,-1150.0,732.0
2026-10-03T05:17:28.395290+00:00,2026-10-03T19:45:00Z,James Madison Dukes,Marshall Thundering Herd,MyBookie.ag,2026-10-03T05:16:36Z,-18.0,56.0,-1122.0,658.0
2026-10-03T05:17:28.395296+00:00,2026-10-03T19:45:00Z,James Madison Dukes,Marshall Thundering Herd,BetUS,2026-10-03T05:16:49Z,-18.5,56.0,-1150.0,730.0
2026-10-03T05:17:28.395303+00:00,2026-10-03T19:45:00Z,James Madison Dukes,Marshall Thundering Herd,BetMGM,2026-10-03T05:16:38Z,-18.0,55.5,-1000.0,700.0
2026-10-03T05:17:28.395309+00:00,2026-10-03T19:45:00Z,James Madison Dukes,Marshall Thundering Herd,Bovada,2026-10-03T05:16:54Z,-18.0,56.0,-1000.0,625.0
2026-10-03T05:17:28.395316+00:00,2026-10-03T20:00:00Z,Nebraska Cornhuskers,Maryland Terrapins,FanDuel,2026-10-03T05:17:22Z,-14.5,52.5,-650.0,470.0
2026-10-03T05:17:28.395322+00:00,2026-10-03T20:00:00Z,Nebraska Cornhuskers,Maryland Terrapins,BetRivers,2026-10-03T05:16:04Z,-15.0,52.0,-910.0,525.0
2026-10-03T05:17:28.395329+00:00,2026-10-03T20:00:00Z,Nebraska Cornhuskers,Maryland Terrapins,DraftKings,2026-10-03T05:17:22Z,-14.5,52.5,-700.0,500.0
2026-10-03T05:17:28.395335+00:00,2026-10-03T20:00:00Z,Nebraska Cornhuskers,Maryland Terrapins,BetOnline.ag,2026-10-03T05:16:50Z,-14.5,52.5,-670.0,488.0
2026-10-03T05:17:28.395342+00:00,2026-10-03T20:00:00Z,Nebraska Cornhuskers,Maryland Terrapins,LowVig.ag,2026-10-03T05:16:51Z,-14.5,52.5,-670.0,488.0
2026-10-03T05:17:28.395348+00:00,2026-10-03T20:00:00Z,Nebraska Cornhuskers,Maryland Terrapins,MyBookie.ag,2026-10-03T05:16:36Z,-15.0,52.5,-752.0,490.0
2026-10-03T05:17:28.395355+00:00,2026-10-03T20:00:00Z,Nebraska Cornhuskers,Maryland Terrapins,BetMGM,2026-10-03T05:16:38Z,-14.5,52.5,-650.0,500.0
2026-10-03T05:17:28.395361+00:00,2026-10-03T20:00:00Z,Nebraska Cornhuskers,Maryland Terrapins,BetUS,2026-10-03T05:16:49Z,-15.0,52.5,-670.0,485.0
2026-10-03T05:17:28.395368+00:00,2026-10-03T20:00:00Z,Nebraska Cornhuskers,Maryland Terrapins,Bovada,2026-10-03T05:16:54Z,-14.5,52.5,-675.0,460.0
2026-10-03T05:17:28.395374+00:00,2026-10-03T20:00:00Z,New Mexico Lobos,UTEP Miners,DraftKings,2026-10-03T05:17:22Z,-23.5,47.5,-2100.0,1100.0
2026-10-03T05:17:28.395381+00:00,2026-10-03T20:00:00Z,New Mexico Lobos,UTEP Miners,BetOnline.ag,2026-10-03T05:16:50Z,-23.5,47.5,-2400.0,1136.0
2026-10-03T05:17:28.395388+00:00,2026-10-03T20:00:00Z,New Mexico Lobos,UTEP Miners,LowVig.ag,2026-10-03T05:16:51Z,-23.5,47.5,-2400.0,1136.0
2026-10-03T05:17:28.395394+00:00,2026-10-03T20:00:00Z,New Mexico Lobos,UTEP Miners,FanDuel,2026-10-03T05:17:22Z,-22.5,48.5,-2500.0,1100.0
2026-10-03T05:17:28.395401+00:00,2026-10-03T20:00:00Z,New Mexico Lobos,UTEP Miners,MyBookie.ag,2026-10-03T05:16:36Z,-23.5,48.0,-2500.0,1025.0
2026-10-03T05:17:28.395407+00:00,2026-10-03T20:00:00Z,New Mexico Lobos,UTEP Miners,BetMGM,2026-10-03T05:16:38Z,-23.0,47.5,-2000.0,1200.0
2026-10-03T05:17:28.395414+00:00,2026-10-03T20:00:00Z,New Mexico Lobos,UTEP Miners,BetUS,2026-10-03T05:16:49Z,-24.0,47.5,-2400.0,1150.0
2026-10-03T05:17:28.395421+00:00,2026-10-03T20:00:00Z,New Mexico Lobos,UTEP Miners,BetRivers,2026-10-03T05:16:04Z,-22.0,48.5,-10000.0,1200.0
2026-10-03T05:17:28.395428+00:00,2026-10-03T20:00:00Z,New Mexico Lobos,UTEP Miners,Bovada,2026-10-03T05:16:54Z,-23.0,48.0,-2000.0,950.0
2026-10-03T05:17:28.395435+00:00,2026-10-03T20:15:00Z,Illinois Fighting Illini,Purdue Boilermakers,FanDuel,2026-10-03T05:17:22Z,-10.5,62.5,-410.0,315.0
2026-10-03T05:17:28.395441+00:00,2026-10-03T20:15:00Z,Illinois Fighting Illini,Purdue Boilermakers,BetRivers,2026-10-03T05:16:04Z,-9.5,62.5,-455.0,325.0
2026-10-03T05:17:28.395448+00:00,2026-10-03T20:15:00Z,Illinois Fighting Illini,Purdue Boilermakers,DraftKings,2026-10-03T05:17:22Z,-10.5,62.5,-375.0,295.0
2026-10-03T05:17:28.395454+00:00,2026-10-03T20:15:00Z,Illinois Fighting Illini,Purdue Boilermakers,BetOnline.ag,2026-10-03T05:16:50Z,-10.5,63.5,-370.0,296.0
2026-10-03T05:17:28.395461+00:00,2026-10-03T20:15:00Z,Illinois Fighting Illini,Purdue Boilermakers,LowVig.ag,2026-10-03T05:16:51Z,-10.5,63.5,-370.0,296.0
2026-10-03T05:17:28.395468+00:00,2026-10-03T20:15:00Z,Illinois Fighting Illini,Purdue Boilermakers,MyBookie.ag,2026-10-03T05:16:36Z,-10.0,62.5,-380.0,290.0
2026-10-03T05:17:28.395476+00:00,2026-10-03T20:15:00Z,Illinois Fighting Illini,Purdue Boilermakers,BetMGM,2026-10-03T05:16:38Z,-10.0,62.5,-375.0,300.0
2026-10-03T05:17:28.395482+00:00,2026-10-03T20:15:00Z,Illinois Fighting Illini,Purdue Boilermakers,BetUS,2026-10-03T05:16:49Z,-10.0,63.5,-370.0,295.0
2026-10-03T05:17:28.395488+00:00,2026-10-03T20:15:00Z,Illinois Fighting Illini,Purdue Boilermakers,Bovada,2026-10-03T05:16:54Z,-10.0,62.5,-400.0,300.0
2026-10-03T05:17:28.395495+00:00,2026-10-03T20:15:00Z,South Carolina Gamecocks,Kentucky Wildcats,DraftKings,2026-10-03T05:17:22Z,-2.5,53.5,-142.0,120.0
2026-10-03T05:17:28.395502+00:00,2026-10-03T20:15:00Z,South Carolina Gamecocks,Kentucky Wildcats,FanDuel,2026-10-03T05:17:22Z,-2.5,54.5,-144.0,120.0
2026-10-03T05:17:28.395510+00:00,2026-10-03T20:15:00Z,South Carolina Gamecocks,Kentucky Wildcats,BetRivers,2026-10-03T05:16:04Z,-2.5,53.5,-148.0,118.0
2026-10-03T05:17:28.395516+00:00,2026-10-03T20:15:00Z,South Carolina Gamecocks,Kentucky Wildcats,BetOnline.ag,2026-10-03T05:16:50Z,-2.5,54.0,-130.0,110.0
2026-10-03T05:17:28.395523+00:00,2026-10-03T20:15:00Z,South Carolina Gamecocks,Kentucky Wildcats,LowVig.ag,2026-10-03T05:16:51Z,-2.5,54.0,-130.0,110.0
2026-10-03T05:17:28.395530+00:00,2026-10-03T20:15:00Z,South Carolina Gamecocks,Kentucky Wildcats,MyBookie.ag,2026-10-03T05:16:36Z,-2.5,54.0,-139.0,114.0
2026-10-03T05:17:28.395537+00:00,2026-10-03T20:15:00Z,South Carolina Gamecocks,Kentucky Wildcats,BetMGM,2026-10-03T05:16:38Z,-2.5,53.5,-140.0,115.0
2026-10-03T05:17:28.395543+00:00,2026-10-03T20:15:00Z,South Carolina Gamecocks,Kentucky Wildcats,BetUS,2026-10-03T05:16:49Z,-2.5,54.0,-135.0,115.0
2026-10-03T05:17:28.395550+00:00,2026-10-03T20:15:00Z,South Carolina Gamecocks,Kentucky Wildcats,Bovada,2026-10-03T05:16:54Z,-2.5,53.5,-135.0,115.0
2026-10-03T05:17:28.395557+00:00,2026-10-03T22:00:00Z,Colorado State Rams,Oregon State Beavers,FanDuel,2026-10-03T05:17:22Z,6.5,62.5,198.0,-245.0
2026-10-03T05:17:28.395564+00:00,2026-10-03T22:00:00Z,Colorado State Rams,Oregon State Beavers,BetRivers,2026-10-03T05:16:04Z,6.5,62.5,190.0,-245.0
2026-10-03T05:17:28.395571+00:00,2026-10-03T22:00:00Z,Colorado State Rams,Oregon State Beavers,BetOnline.ag,2026-10-03T05:16:50Z,6.5,62.0,207.0,-250.0
2026-10-03T05:17:28.395577+00:00,2026-10-03T22:00:00Z,Colorado State Rams,Oregon State Beavers,LowVig.ag,2026-10-03T05:16:51Z,6.5,62.0,207.0,-250.0
2026-10-03T05:17:28.395584+00:00,2026-10-03T22:00:00Z,Colorado State Rams,Oregon State Beavers,DraftKings,2026-10-03T05:17:22Z,6.5,62.5,210.0,-258.0
2026-10-03T05:17:28.395591+00:00,2026-10-03T22:00:00Z,Colorado State Rams,Oregon State Beavers,MyBookie.ag,2026-10-03T05:16:36Z,7.0,62.5,202.0,-255.0
2026-10-03T05:17:28.395598+00:00,2026-10-03T22:00:00Z,Colorado State Rams,Oregon State Beavers,BetMGM,2026-10-03T05:16:38Z,6.5,62.5,210.0,-250.0
2026-10-03T05:17:28.395606+00:00,2026-10-03T22:00:00Z,Colorado State Rams,Oregon State Beavers,BetUS,2026-10-03T05:16:49Z,7.0,62.0,210.0,-250.0
2026-10-03T05:17:28.395613+00:00,2026-10-03T22:00:00Z,Colorado State Rams,Oregon State Beavers,Bovada,2026-10-03T05:16:54Z,7.0,62.5,215.0,-260.0
2026-10-03T05:17:28.395620+00:00,2026-10-03T22:00:00Z,Florida Atlantic Owls,Texas Southern Tigers,FanDuel,2026-10-03T05:17:22Z,-44.5,61.5,,
2026-10-03T05:17:28.395626+00:00,2026-10-03T22:00:00Z,Florida Atlantic Owls,Texas Southern Tigers,DraftKings,2026-10-03T05:17:22Z,-44.5,61.5,,
2026-10-03T05:17:28.395632+00:00,2026-10-03T22:00:00Z,Florida Atlantic Owls,Texas Southern Tigers,LowVig.ag,2026-10-03T05:16:51Z,-44.5,61.5,,
2026-10-03T05:17:28.395639+00:00,2026-10-03T22:00:00Z,Florida Atlantic Owls,Texas Southern Tigers,BetOnline.ag,2026-10-03T05:16:50Z,-44.5,61.5,,
2026-10-03T05:17:28.395645+00:00,2026-10-03T22:00:00Z,Florida Atlantic Owls,Texas Southern Tigers,BetRivers,2026-10-03T05:16:04Z,-44.5,62.0,,
2026-10-03T05:17:28.395651+00:00,2026-10-03T22:00:00Z,Florida Atlantic Owls,Texas Southern Tigers,Bovada,2026-10-03T05:16:54Z,-44.0,61.0,,
2026-10-03T05:17:28.395658+00:00,2026-10-03T22:00:00Z,Florida Atlantic Owls,Texas Southern Tigers,BetMGM,2026-10-03T05:16:38Z,-44.0,61.5,,
2026-10-03T05:17:28.395664+00:00,2026-10-03T23:00:00Z,Texas A&M Aggies,Arkansas Razorbacks,FanDuel,2026-10-03T05:17:22Z,-13.5,50.5,-690.0,480.0
2026-10-03T05:17:28.395671+00:00,2026-10-03T23:00:00Z,Texas A&M Aggies,Arkansas Razorbacks,BetRivers,2026-10-03T05:16:04Z,-14.0,51.0,-670.0,450.0
2026-10-03T05:17:28.395677+00:00,2026-10-03T23:00:00Z,Texas A&M Aggies,Arkansas Razorbacks,BetOnline.ag,2026-10-03T05:16:50Z,-13.5,50.0,-615.0,455.0
2026-10-03T05:17:28.395684+00:00,2026-10-03T23:00:00Z,Texas A&M Aggies,Arkansas Razorbacks,LowVig.ag,2026-10-03T05:16:51Z,-13.5,50.0,-615.0,455.0
2026-10-03T05:17:28.395690+00:00,2026-10-03T23:00:00Z,Texas A&M Aggies,Arkansas Razorbacks,DraftKings,2026-10-03T05:17:22Z,-14.0,50.5,-625.0,455.0
2026-10-03T05:17:28.395697+00:00,2026-10-03T23:00:00Z,Texas A&M Aggies,Arkansas Razorbacks,MyBookie.ag,2026-10-03T05:16:36Z,-14.0,50.5,-649.0,450.0
2026-10-03T05:17:28.395704+00:00,2026-10-03T23:00:00Z,Texas A&M Aggies,Arkansas Razorbacks,BetUS,2026-10-03T05:16:49Z,-13.5,50.0,-615.0,460.0
2026-10-03T05:17:28.395710+00:00,2026-10-03T23:00:00Z,Texas A&M Aggies,Arkansas Razorbacks,BetMGM,2026-10-03T05:16:38Z,-14.0,50.5,-625.0,450.0
2026-10-03T05:17:28.395717+00:00,2026-10-03T23:00:00Z,Texas A&M Aggies,Arkansas Razorbacks,Bovada,2026-10-03T05:16:54Z,-14.0,50.0,-625.0,430.0
2026-10-03T05:17:28.395723+00:00,2026-10-03T23:00:00Z,TCU Horned Frogs,BYU Cougars,DraftKings,2026-10-03T05:17:22Z,6.0,48.5,190.0,-230.0
2026-10-03T05:17:28.395730+00:00,2026-10-03T23:00:00Z,TCU Horned Frogs,BYU Cougars,FanDuel,2026-10-03T05:17:22Z,5.5,47.5,180.0,-220.0
2026-10-03T05:17:28.395736+00:00,2026-10-03T23:00:00Z,TCU Horned Frogs,BYU Cougars,BetRivers,2026-10-03T05:16:04Z,6.0,47.5,190.0,-250.0
2026-10-03T05:17:28.395743+00:00,2026-10-03T23:00:00Z,TCU Horned Frogs,BYU Cougars,BetOnline.ag,2026-10-03T05:16:50Z,6.0,48.0,186.0,-220.0
2026-10-03T05:17:28.395749+00:00,2026-10-03T23:00:00Z,TCU Horned Frogs,BYU Cougars,LowVig.ag,2026-10-03T05:16:51Z,6.0,48.0,186.0,-220.0
2026-10-03T05:17:28.395756+00:00,2026-10-03T23:00:00Z,TCU Horned Frogs,BYU Cougars,MyBookie.ag,2026-10-03T05:16:36Z,6.0,48.0,190.0,-240.0
2026-10-03T05:17:28.395762+00:00,2026-10-03T23:00:00Z,TCU Horned Frogs,BYU Cougars,BetUS,2026-10-03T05:16:49Z,6.0,48.0,185.0,-220.0
2026-10-03T05:17:28.395768+00:00,2026-10-03T23:00:00Z,TCU Horned Frogs,BYU Cougars,BetMGM,2026-10-03T05:16:38Z,6.0,47.5,185.0,-225.0
2026-10-03T05:17:28.395775+00:00,2026-10-03T23:00:00Z,TCU Horned Frogs,BYU Cougars,Bovada,2026-10-03T05:16:54Z,6.0,48.0,185.0,-225.0
2026-10-03T05:17:28.395782+00:00,2026-10-03T23:00:00Z,Coastal Carolina Chanticleers,Georgia Southern Eagles,DraftKings,2026-10-03T05:17:22Z,2.5,53.5,105.0,-125.0
2026-10-03T05:17:28.395788+00:00,2026-10-03T23:00:00Z,Coastal Carolina Chanticleers,Georgia Southern Eagles,LowVig.ag,2026-10-03T05:16:51Z,2.0,53.5,110.0,-130.0
2026-10-03T05:17:28.395795+00:00,2026-10-03T23:00:00Z,Coastal Carolina Chanticleers,Georgia Southern Eagles,BetOnline.ag,2026-10-03T05:16:50Z,2.0,53.5,110.0,-130.0
2026-10-03T05:17:28.395801+00:00,2026-10-03T23:00:00Z,Coastal Carolina Chanticleers,Georgia Southern Eagles,FanDuel,2026-10-03T05:17:22Z,1.5,53.5,102.0,-122.0
2026-10-03T05:17:28.395808+00:00,2026-10-03T23:00:00Z,Coastal Carolina Chanticleers,Georgia Southern Eagles,MyBookie.ag,2026-10-03T05:16:36Z,2.0,53.0,104.0,-127.0
2026-10-03T05:17:28.395814+00:00,2026-10-03T23:00:00Z,Coastal Carolina Chanticleers,Georgia Southern Eagles,BetUS,2026-10-03T05:16:49Z,2.0,53.0,110.0,-130.0
2026-10-03T05:17:28.395821+00:00,2026-10-03T23:00:00Z,Coastal Carolina Chanticleers,Georgia Southern Eagles,BetMGM,2026-10-03T05:16:38Z,2.0,53.5,105.0,-125.0
2026-10-03T05:17:28.395827+00:00,2026-10-03T23:00:00Z,Coastal Carolina Chanticleers,Georgia Southern Eagles,BetRivers,2026-10-03T05:16:04Z,1.5,53.5,100.0,-124.0
2026-10-03T05:17:28.395833+00:00,2026-10-03T23:00:00Z,Coastal Carolina Chanticleers,Georgia Southern Eagles,Bovada,2026-10-03T05:16:54Z,2.0,53.5,105.0,-125.0
2026-10-03T05:17:28.395840+00:00,2026-10-03T23:00:00Z,Rice Owls,UTSA Roadrunners,FanDuel,2026-10-03T05:17:22Z,11.5,55.5,385.0,-520.0
2026-10-03T05:17:28.395846+00:00,2026-10-03T23:00:00Z,Rice Owls,UTSA Roadrunners,BetRivers,2026-10-03T05:16:04Z,12.5,55.5,430.0,-625.0
2026-10-03T05:17:28.395853+00:00,2026-10-03T23:00:00Z,Rice Owls,UTSA Roadrunners,DraftKings,2026-10-03T05:17:22Z,12.5,55.5,390.0,-520.0
2026-10-03T05:17:28.395860+00:00,2026-10-03T23:00:00Z,Rice Owls,UTSA Roadrunners,BetOnline.ag,2026-10-03T05:16:50Z,13.0,56.0,415.0,-550.0
2026-10-03T05:17:28.395867+00:00,2026-10-03T23:00:00Z,Rice Owls,UTSA Roadrunners,LowVig.ag,2026-10-03T05:16:51Z,13.0,56.0,415.0,-550.0
2026-10-03T05:17:28.395873+00:00,2026-10-03T23:00:00Z,Rice Owls,UTSA Roadrunners,MyBookie.ag,2026-10-03T05:16:36Z,12.5,56.0,360.0,-500.0
2026-10-03T05:17:28.395880+00:00,2026-10-03T23:00:00Z,Rice Owls,UTSA Roadrunners,BetUS,2026-10-03T05:16:49Z,13.0,56.0,425.0,-550.0
2026-10-03T05:17:28.395887+00:00,2026-10-03T23:00:00Z,Rice Owls,UTSA Roadrunners,BetMGM,2026-10-03T05:16:38Z,12.0,55.5,400.0,-525.0
2026-10-03T05:17:28.395893+00:00,2026-10-03T23:00:00Z,Rice Owls,UTSA Roadrunners,Bovada,2026-10-03T05:16:54Z,12.5,56.0,360.0,-500.0
2026-10-03T05:17:28.395900+00:00,2026-10-03T23:00:00Z,South Alabama Jaguars,UL Monroe Warhawks,FanDuel,2026-10-03T05:17:22Z,-13.5,56.5,-650.0,460.0
2026-10-03T05:17:28.395906+00:00,2026-10-03T23:00:00Z,South Alabama Jaguars,UL Monroe Warhawks,BetRivers,2026-10-03T05:16:04Z,-14.0,56.5,-910.0,550.0
2026-10-03T05:17:28.395913+00:00,2026-10-03T23:00:00Z,South Alabama Jaguars,UL Monroe Warhawks,DraftKings,2026-10-03T05:17:22Z,-14.0,56.5,-625.0,455.0
2026-10-03T05:17:28.395919+00:00,2026-10-03T23:00:00Z,South Alabama Jaguars,UL Monroe Warhawks,LowVig.ag,2026-10-03T05:16:51Z,-14.5,56.5,-610.0,452.0
2026-10-03T05:17:28.395925+00:00,2026-10-03T23:00:00Z,South Alabama Jaguars,UL Monroe Warhawks,BetOnline.ag,2026-10-03T05:16:50Z,-14.5,56.5,-610.0,452.0
2026-10-03T05:17:28.395932+00:00,2026-10-03T23:00:00Z,South Alabama Jaguars,UL Monroe Warhawks,MyBookie.ag,2026-10-03T05:16:36Z,-14.0,56.5,-649.0,440.0
2026-10-03T05:17:28.395939+00:00,2026-10-03T23:00:00Z,South Alabama Jaguars,UL Monroe Warhawks,BetUS,2026-10-03T05:16:49Z,-14.0,56.5,-600.0,450.0
2026-10-03T05:17:28.395945+00:00,2026-10-03T23:00:00Z,South Alabama Jaguars,UL Monroe Warhawks,BetMGM,2026-10-03T05:16:38Z,-14.0,56.5,-625.0,475.0
2026-10-03T05:17:28.395952+00:00,2026-10-03T23:00:00Z,South Alabama Jaguars,UL Monroe Warhawks,Bovada,2026-10-03T05:16:54Z,-14.0,56.5,-650.0,450.0
2026-10-03T05:17:28.395959+00:00,2026-10-03T23:30:00Z,Louisiana Tech Bulldogs,Army Black Knights,DraftKings,2026-10-03T05:17:22Z,1.5,46.5,102.0,-122.0
2026-10-03T05:17:28.395965+00:00,2026-10-03T23:30:00Z,Louisiana Tech Bulldogs,Army Black Knights,BetOnline.ag,2026-10-03T05:16:50Z,1.5,47.0,100.0,-120.0
2026-10-03T05:17:28.395972+00:00,2026-10-03T23:30:00Z,Louisiana Tech Bulldogs,Army Black Knights,LowVig.ag,2026-10-03T05:16:51Z,1.5,47.0,100.0,-120.0
2026-10-03T05:17:28.395978+00:00,2026-10-03T23:30:00Z,Louisiana Tech Bulldogs,Army Black Knights,FanDuel,2026-10-03T05:17:22Z,1.5,47.5,105.0,-126.0
2026-10-03T05:17:28.395985+00:00,2026-10-03T23:30:00Z,Louisiana Tech Bulldogs,Army Black Knights,MyBookie.ag,2026-10-03T05:16:36Z,1.5,47.0,102.0,-125.0
2026-10-03T05:17:28.395992+00:00,2026-10-03T23:30:00Z,Louisiana Tech Bulldogs,Army Black Knights,BetUS,2026-10-03T05:16:49Z,1.5,47.0,100.0,-120.0
2026-10-03T05:17:28.395999+00:00,2026-10-03T23:30:00Z,Louisiana Tech Bulldogs,Army Black Knights,BetMGM,2026-10-03T05:16:38Z,1.5,46.5,100.0,-120.0
2026-10-03T05:17:28.396005+00:00,2026-10-03T23:30:00Z,Louisiana Tech Bulldogs,Army Black Knights,Bovada,2026-10-03T05:16:54Z,1.5,47.0,100.0,-120.0
2026-10-03T05:17:28.396012+00:00,2026-10-03T23:30:00Z,Louisiana Tech Bulldogs,Army Black Knights,BetRivers,2026-10-03T05:16:04Z,2.0,47.5,105.0,-129.0
2026-10-03T05:17:28.396019+00:00,2026-10-03T23:30:00Z,Boise State Broncos,Utah State Aggies,FanDuel,2026-10-03T05:17:22Z,-18.5,51.5,-1400.0,800.0
2026-10-03T05:17:28.396025+00:00,2026-10-03T23:30:00Z,Boise State Broncos,Utah State Aggies,BetRivers,2026-10-03T05:16:04Z,-18.5,51.5,-5000.0,1050.0
2026-10-03T05:17:28.396032+00:00,2026-10-03T23:30:00Z,Boise State Broncos,Utah State Aggies,BetOnline.ag,2026-10-03T05:16:50Z,-19.0,51.5,-1400.0,836.0
2026-10-03T05:17:28.396038+00:00,2026-10-03T23:30:00Z,Boise State Broncos,Utah State Aggies,LowVig.ag,2026-10-03T05:16:51Z,-19.0,51.5,-1400.0,836.0
2026-10-03T05:17:28.396044+00:00,2026-10-03T23:30:00Z,Boise State Broncos,Utah State Aggies,DraftKings,2026-10-03T05:17:22Z,-19.5,51.5,-1450.0,850.0
2026-10-03T05:17:28.396051+00:00,2026-10-03T23:30:00Z,Boise State Broncos,Utah State Aggies,MyBookie.ag,2026-10-03T05:16:36Z,-19.0,51.5,-1699.0,852.0
2026-10-03T05:17:28.396057+00:00,2026-10-03T23:30:00Z,Boise State Broncos,Utah State Aggies,BetUS,2026-10-03T05:16:49Z,-19.0,51.5,-1500.0,850.0
2026-10-03T05:17:28.396064+00:00,2026-10-03T23:30:00Z,Boise State Broncos,Utah State Aggies,BetMGM,2026-10-03T05:16:38Z,-19.0,51.5,-1200.0,850.0
2026-10-03T05:17:28.396071+00:00,2026-10-03T23:30:00Z,Boise State Broncos,Utah State Aggies,Bovada,2026-10-03T05:16:54Z,-19.5,51.5,-1300.0,725.0
2026-10-03T05:17:28.396077+00:00,2026-10-03T23:30:00Z,Clemson Tigers,Miami Hurricanes,DraftKings,2026-10-03T05:17:22Z,15.5,47.5,525.0,-750.0
2026-10-03T05:17:28.396083+00:00,2026-10-03T23:30:00Z,Clemson Tigers,Miami Hurricanes,BetMGM,2026-10-03T05:16:38Z,15.0,47.5,525.0,-700.0
2026-10-03T05:17:28.396090+00:00,2026-10-03T23:30:00Z,Clemson Tigers,Miami Hurricanes,MyBookie.ag,2026-10-03T05:16:36Z,15.0,48.0,480.0,-767.0
2026-10-03T05:17:28.396096+00:00,2026-10-03T23:30:00Z,Clemson Tigers,Miami Hurricanes,FanDuel,2026-10-03T05:17:22Z,15.5,47.5,500.0,-720.0
2026-10-03T05:17:28.396102+00:00,2026-10-03T23:30:00Z,Clemson Tigers,Miami Hurricanes,BetRivers,2026-10-03T05:16:04Z,15.0,48.0,525.0,-835.0
2026-10-03T05:17:28.396109+00:00,2026-10-03T23:30:00Z,Clemson Tigers,Miami Hurricanes,LowVig.ag,2026-10-03T05:16:51Z,14.5,47.5,520.0,-725.0
2026-10-03T05:17:28.396115+00:00,2026-10-03T23:30:00Z,Clemson Tigers,Miami Hurricanes,BetOnline.ag,2026-10-03T05:16:50Z,14.5,47.5,520.0,-725.0
2026-10-03T05:17:28.396122+00:00,2026-10-03T23:30:00Z,Clemson Tigers,Miami Hurricanes,BetUS,2026-10-03T05:16:49Z,15.0,47.5,515.0,-725.0
2026-10-03T05:17:28.396128+00:00,2026-10-03T23:30:00Z,Clemson Tigers,Miami Hurricanes,Bovada,2026-10-03T05:16:54Z,15.5,47.5,550.0,-850.0
2026-10-03T05:17:28.396134+00:00,2026-10-03T23:30:00Z,South Florida Bulls,Temple Owls,FanDuel,2026-10-03T05:17:22Z,-5.5,48.5,-235.0,190.0
2026-10-03T05:17:28.396141+00:00,2026-10-03T23:30:00Z,South Florida Bulls,Temple Owls,DraftKings,2026-10-03T05:17:22Z,-6.0,48.5,-230.0,190.0
2026-10-03T05:17:28.396147+00:00,2026-10-03T23:30:00Z,South Florida Bulls,Temple Owls,BetOnline.ag,2026-10-03T05:16:50Z,-6.0,48.0,-235.0,195.0
2026-10-03T05:17:28.396154+00:00,2026-10-03T23:30:00Z,South Florida Bulls,Temple Owls,LowVig.ag,2026-10-03T05:16:51Z,-6.0,48.0,-235.0,195.0
2026-10-03T05:17:28.396160+00:00,2026-10-03T23:30:00Z,South Florida Bulls,Temple Owls,BetRivers,2026-10-03T05:16:04Z,-6.0,48.5,-230.0,180.0
2026-10-03T05:17:28.396167+00:00,2026-10-03T23:30:00Z,South Florida Bulls,Temple Owls,MyBookie.ag,2026-10-03T05:16:36Z,-6.0,48.5,-246.0,194.0
2026-10-03T05:17:28.396173+00:00,2026-10-03T23:30:00Z,South Florida Bulls,Temple Owls,BetUS,2026-10-03T05:16:49Z,-6.0,48.5,-230.0,195.0
2026-10-03T05:17:28.396180+00:00,2026-10-03T23:30:00Z,South Florida Bulls,Temple Owls,BetMGM,2026-10-03T05:16:38Z,-6.0,48.5,-235.0,190.0
2026-10-03T05:17:28.396186+00:00,2026-10-03T23:30:00Z,South Florida Bulls,Temple Owls,Bovada,2026-10-03T05:16:54Z,-5.5,48.5,-220.0,180.0
2026-10-03T05:17:28.396192+00:00,2026-10-03T23:30:00Z,USC Trojans,Washington Huskies,DraftKings,2026-10-03T05:17:22Z,-8.5,58.5,-360.0,285.0
2026-10-03T05:17:28.396199+00:00,2026-10-03T23:30:00Z,USC Trojans,Washington Huskies,FanDuel,2026-10-03T05:17:22Z,-9.5,58.5,-360.0,280.0
2026-10-03T05:17:28.396205+00:00,2026-10-03T23:30:00Z,USC Trojans,Washington Huskies,BetRivers,2026-10-03T05:16:04Z,-9.5,58.5,-420.0,310.0
2026-10-03T05:17:28.396211+00:00,2026-10-03T23:30:00Z,USC Trojans,Washington Huskies,LowVig.ag,2026-10-03T05:16:51Z,-9.0,59.0,-375.0,299.0
2026-10-03T05:17:28.396218+00:00,2026-10-03T23:30:00Z,USC Trojans,Washington Huskies,BetOnline.ag,2026-10-03T05:16:50Z,-9.0,59.0,-375.0,299.0
2026-10-03T05:17:28.396224+00:00,2026-10-03T23:30:00Z,USC Trojans,Washington Huskies,BetUS,2026-10-03T05:16:49Z,-9.5,58.0,-365.0,293.0
2026-10-03T05:17:28.396230+00:00,2026-10-03T23:30:00Z,USC Trojans,Washington Huskies,BetMGM,2026-10-03T05:16:38Z,-8.5,58.5,-375.0,300.0
2026-10-03T05:17:28.396237+00:00,2026-10-03T23:30:00Z,USC Trojans,Washington Huskies,MyBookie.ag,2026-10-03T05:16:36Z,-9.0,58.0,-350.0,265.0
2026-10-03T05:17:28.396243+00:00,2026-10-03T23:30:00Z,USC Trojans,Washington Huskies,Bovada,2026-10-03T05:16:54Z,-9.0,58.0,-370.0,285.0
2026-10-03T05:17:28.396250+00:00,2026-10-03T23:31:00Z,Colorado Buffaloes,Texas Tech Red Raiders,FanDuel,2026-10-03T05:17:22Z,13.5,50.5,390.0,-530.0
2026-10-03T05:17:28.396256+00:00,2026-10-03T23:31:00Z,Colorado Buffaloes,Texas Tech Red Raiders,BetRivers,2026-10-03T05:16:04Z,13.0,50.5,400.0,-590.0
2026-10-03T05:17:28.396272+00:00,2026-10-03T23:31:00Z,Colorado Buffaloes,Texas Tech Red Raiders,DraftKings,2026-10-03T05:17:22Z,13.5,49.5,425.0,-575.0
2026-10-03T05:17:28.396279+00:00,2026-10-03T23:31:00Z,Colorado Buffaloes,Texas Tech Red Raiders,LowVig.ag,2026-10-03T05:16:51Z,13.5,50.5,446.0,-600.0
2026-10-03T05:17:28.396285+00:00,2026-10-03T23:31:00Z,Colorado Buffaloes,Texas Tech Red Raiders,BetOnline.ag,2026-10-03T05:16:50Z,13.5,50.5,446.0,-600.0
2026-10-03T05:17:28.396291+00:00,2026-10-03T23:31:00Z,Colorado Buffaloes,Texas Tech Red Raiders,MyBookie.ag,2026-10-03T05:16:36Z,13.5,49.5,420.0,-599.0
2026-10-03T05:17:28.396298+00:00,2026-10-03T23:31:00Z,Colorado Buffaloes,Texas Tech Red Raiders,BetUS,2026-10-03T05:16:49Z,14.0,49.0,450.0,-600.0
2026-10-03T05:17:28.396304+00:00,2026-10-03T23:31:00Z,Colorado Buffaloes,Texas Tech Red Raiders,BetMGM,2026-10-03T05:16:38Z,13.5,49.5,425.0,-550.0
2026-10-03T05:17:28.396311+00:00,2026-10-03T23:31:00Z,Colorado Buffaloes,Texas Tech Red Raiders,Bovada,2026-10-03T05:16:54Z,13.5,49.5,410.0,-585.0
2026-10-03T05:17:28.396317+00:00,2026-10-03T23:45:00Z,LSU Tigers,McNeese State Cowboys,FanDuel,2026-10-03T05:17:22Z,-53.5,61.5,,
2026-10-03T05:17:28.396323+00:00,2026-10-03T23:45:00Z,LSU Tigers,McNeese State Cowboys,DraftKings,2026-10-03T05:17:22Z,-52.5,61.5,,
2026-10-03T05:17:28.396329+00:00,2026-10-03T23:45:00Z,LSU Tigers,McNeese State Cowboys,LowVig.ag,2026-10-03T05:16:51Z,-53.0,62.5,,
2026-10-03T05:17:28.396335+00:00,2026-10-03T23:45:00Z,LSU Tigers,McNeese State Cowboys,BetOnline.ag,2026-10-03T05:16:50Z,-53.0,62.5,,
2026-10-03T05:17:28.396341+00:00,2026-10-03T23:45:00Z,LSU Tigers,McNeese State Cowboys,BetRivers,2026-10-03T05:16:04Z,-53.5,62.0,,
2026-10-03T05:17:28.396346+00:00,2026-10-03T23:45:00Z,LSU Tigers,McNeese State Cowboys,Bovada,2026-10-03T05:16:54Z,-53.0,61.5,,
2026-10-03T05:17:28.396352+00:00,2026-10-03T23:45:00Z,LSU Tigers,McNeese State Cowboys,BetMGM,2026-10-03T05:16:38Z,-53.5,61.5,,
2026-10-03T05:17:28.396358+00:00,2026-10-04T00:00:00Z,Louisiana Ragin Cajuns,Arkansas State Red Wolves,DraftKings,2026-10-03T05:17:22Z,-6.5,47.5,-230.0,190.0
2026-10-03T05:17:28.396365+00:00,2026-10-04T00:00:00Z,Louisiana Ragin Cajuns,Arkansas State Red Wolves,BetOnline.ag,2026-10-03T05:16:50Z,-6.0,48.0,-220.0,186.0
2026-10-03T05:17:28.396371+00:00,2026-10-04T00:00:00Z,Louisiana Ragin Cajuns,Arkansas State Red Wolves,LowVig.ag,2026-10-03T05:16:51Z,-6.0,48.0,-220.0,186.0
2026-10-03T05:17:28.396377+00:00,2026-10-04T00:00:00Z,Louisiana Ragin Cajuns,Arkansas State Red Wolves,FanDuel,2026-10-03T05:17:22Z,-5.5,47.5,-225.0,184.0
2026-10-03T05:17:28.396383+00:00,2026-10-04T00:00:00Z,Louisiana Ragin Cajuns,Arkansas State Red Wolves,MyBookie.ag,2026-10-03T05:16:36Z,-6.0,48.0,-250.0,199.0
2026-10-03T05:17:28.396390+00:00,2026-10-04T00:00:00Z,Louisiana Ragin Cajuns,Arkansas State Red Wolves,BetUS,2026-10-03T05:16:49Z,-6.0,48.0,-220.0,185.0
2026-10-03T05:17:28.396396+00:00,2026-10-04T00:00:00Z,Louisiana Ragin Cajuns,Arkansas State Red Wolves,BetMGM,2026-10-03T05:16:38Z,-6.0,47.5,-235.0,190.0
2026-10-03T05:17:28.396403+00:00,2026-10-04T00:00:00Z,Louisiana Ragin Cajuns,Arkansas State Red Wolves,Bovada,2026-10-03T05:16:54Z,-6.5,48.5,-240.0,200.0
2026-10-03T05:17:28.396409+00:00,2026-10-04T00:00:00Z,Louisiana Ragin Cajuns,Arkansas State Red Wolves,BetRivers,2026-10-03T05:16:04Z,-6.5,48.5,-265.0,200.0
2026-10-03T05:17:28.396416+00:00,2026-10-04T00:00:00Z,Rutgers Scarlet Knights,Indiana Hoosiers,FanDuel,2026-10-03T05:17:22Z,24.5,56.5,1200.0,-3000.0
2026-10-03T05:17:28.396422+00:00,2026-10-04T00:00:00Z,Rutgers Scarlet Knights,Indiana Hoosiers,DraftKings,2026-10-03T05:17:22Z,24.5,56.5,1200.0,-2400.0
2026-10-03T05:17:28.396429+00:00,2026-10-04T00:00:00Z,Rutgers Scarlet Knights,Indiana Hoosiers,BetRivers,2026-10-03T05:16:04Z,24.5,56.5,1300.0,-5000.0
2026-10-03T05:17:28.396435+00:00,2026-10-04T00:00:00Z,Rutgers Scarlet Knights,Indiana Hoosiers,LowVig.ag,2026-10-03T05:16:51Z,24.0,57.0,1156.0,-2500.0
2026-10-03T05:17:28.396442+00:00,2026-10-04T00:00:00Z,Rutgers Scarlet Knights,Indiana Hoosiers,BetOnline.ag,2026-10-03T05:16:50Z,24.0,57.0,1156.0,-2500.0
2026-10-03T05:17:28.396448+00:00,2026-10-04T00:00:00Z,Rutgers Scarlet Knights,Indiana Hoosiers,MyBookie.ag,2026-10-03T05:16:36Z,24.0,56.5,1066.0,-2524.0
2026-10-03T05:17:28.396455+00:00,2026-10-04T00:00:00Z,Rutgers Scarlet Knights,Indiana Hoosiers,BetUS,2026-10-03T05:16:49Z,24.0,56.5,1150.0,-2400.0
2026-10-03T05:17:28.396461+00:00,2026-10-04T00:00:00Z,Rutgers Scarlet Knights,Indiana Hoosiers,BetMGM,2026-10-03T05:16:38Z,24.0,57.5,1300.0,-2500.0
2026-10-03T05:17:28.396468+00:00,2026-10-04T00:00:00Z,Rutgers Scarlet Knights,Indiana Hoosiers,Bovada,2026-10-03T05:16:54Z,24.5,57.0,1000.0,-2500.0
2026-10-03T05:17:28.396474+00:00,2026-10-04T01:30:00Z,Washington State Cougars,Fresno State Bulldogs,FanDuel,2026-10-03T05:17:22Z,-1.5,45.5,-120.0,100.0
2026-10-03T05:17:28.396481+00:00,2026-10-04T01:30:00Z,Washington State Cougars,Fresno State Bulldogs,BetOnline.ag,2026-10-03T05:16:50Z,-1.5,45.5,-122.0,102.0
2026-10-03T05:17:28.396487+00:00,2026-10-04T01:30:00Z,Washington State Cougars,Fresno State Bulldogs,LowVig.ag,2026-10-03T05:16:51Z,-1.5,45.5,-122.0,102.0
2026-10-03T05:17:28.396494+00:00,2026-10-04T01:30:00Z,Washington State Cougars,Fresno State Bulldogs,BetRivers,2026-10-03T05:16:04Z,-2.0,44.5,-132.0,107.0
2026-10-03T05:17:28.396500+00:00,2026-10-04T01:30:00Z,Washington State Cougars,Fresno State Bulldogs,DraftKings,2026-10-03T05:17:22Z,-1.5,45.5,-122.0,102.0
2026-10-03T05:17:28.396507+00:00,2026-10-04T01:30:00Z,Washington State Cougars,Fresno State Bulldogs,MyBookie.ag,2026-10-03T05:16:36Z,-1.5,45.0,-125.0,102.0
2026-10-03T05:17:28.396513+00:00,2026-10-04T01:30:00Z,Washington State Cougars,Fresno State Bulldogs,BetUS,2026-10-03T05:16:49Z,-1.5,45.5,-120.0,100.0
2026-10-03T05:17:28.396519+00:00,2026-10-04T01:30:00Z,Washington State Cougars,Fresno State Bulldogs,BetMGM,2026-10-03T05:16:38Z,-2.0,45.5,-120.0,100.0
2026-10-03T05:17:28.396526+00:00,2026-10-04T01:30:00Z,Washington State Cougars,Fresno State Bulldogs,Bovada,2026-10-03T05:16:54Z,-2.0,45.5,-125.0,105.0
2026-10-03T05:17:28.396532+00:00,2026-10-04T02:30:00Z,Arizona State Sun Devils,Baylor Bears,FanDuel,2026-10-03T05:17:22Z,-3.5,48.5,-178.0,146.0
2026-10-03T05:17:28.396539+00:00,2026-10-04T02:30:00Z,Arizona State Sun Devils,Baylor Bears,BetRivers,2026-10-03T05:16:04Z,-3.5,48.5,-182.0,145.0
2026-10-03T05:17:28.396545+00:00,2026-10-04T02:30:00Z,Arizona State Sun Devils,Baylor Bears,BetOnline.ag,2026-10-03T05:16:50Z,-3.5,48.5,-180.0,157.0
2026-10-03T05:17:28.396552+00:00,2026-10-04T02:30:00Z,Arizona State Sun Devils,Baylor Bears,LowVig.ag,2026-10-03T05:16:51Z,-3.5,48.5,-180.0,157.0
2026-10-03T05:17:28.396558+00:00,2026-10-04T02:30:00Z,Arizona State Sun Devils,Baylor Bears,DraftKings,2026-10-03T05:17:22Z,-3.5,48.5,-185.0,154.0
2026-10-03T05:17:28.396565+00:00,2026-10-04T02:30:00Z,Arizona State Sun Devils,Baylor Bears,MyBookie.ag,2026-10-03T05:16:36Z,-3.5,48.5,-179.0,145.0
2026-10-03T05:17:28.396571+00:00,2026-10-04T02:30:00Z,Arizona State Sun Devils,Baylor Bears,BetUS,2026-10-03T05:16:49Z,-3.5,48.5,-170.0,146.0
2026-10-03T05:17:28.396577+00:00,2026-10-04T02:30:00Z,Arizona State Sun Devils,Baylor Bears,BetMGM,2026-10-03T05:16:38Z,-4.0,48.5,-185.0,150.0
2026-10-03T05:17:28.396584+00:00,2026-10-04T02:30:00Z,Arizona State Sun Devils,Baylor Bears,Bovada,2026-10-03T05:16:54Z,-3.5,48.5,-180.0,155.0
2026-10-03T05:17:28.396590+00:00,2026-10-04T02:30:00Z,San Diego State Aztecs,Texas State Bobcats,FanDuel,2026-10-03T05:17:22Z,9.5,57.5,255.0,-320.0
2026-10-03T05:17:28.396597+00:00,2026-10-04T02:30:00Z,San Diego State Aztecs,Texas State Bobcats,BetOnline.ag,2026-10-03T05:16:50Z,10.0,58.0,280.0,-350.0
2026-10-03T05:17:28.396603+00:00,2026-10-04T02:30:00Z,San Diego State Aztecs,Texas State Bobcats,LowVig.ag,2026-10-03T05:16:51Z,10.0,58.0,280.0,-350.0
2026-10-03T05:17:28.396610+00:00,2026-10-04T02:30:00Z,San Diego State Aztecs,Texas State Bobcats,BetRivers,2026-10-03T05:16:04Z,9.5,57.5,335.0,-455.0
2026-10-03T05:17:28.396616+00:00,2026-10-04T02:30:00Z,San Diego State Aztecs,Texas State Bobcats,DraftKings,2026-10-03T05:17:22Z,9.5,57.5,280.0,-355.0
2026-10-03T05:17:28.396623+00:00,2026-10-04T02:30:00Z,San Diego State Aztecs,Texas State Bobcats,MyBookie.ag,2026-10-03T05:16:36Z,9.5,57.5,280.0,-370.0
2026-10-03T05:17:28.396629+00:00,2026-10-04T02:30:00Z,San Diego State Aztecs,Texas State Bobcats,BetUS,2026-10-03T05:16:49Z,10.0,57.5,295.0,-370.0
2026-10-03T05:17:28.396636+00:00,2026-10-04T02:30:00Z,San Diego State Aztecs,Texas State Bobcats,BetMGM,2026-10-03T05:16:38Z,9.0,57.5,275.0,-350.0
2026-10-03T05:17:28.396642+00:00,2026-10-04T02:30:00Z,San Diego State Aztecs,Texas State Bobcats,Bovada,2026-10-03T05:16:54Z,9.5,57.5,290.0,-380.0
2026-10-03T05:17:28.396649+00:00,2026-10-04T03:00:00Z,Arizona Wildcats,Cincinnati Bearcats,FanDuel,2026-10-03T05:17:22Z,-6.5,55.5,-245.0,198.0
2026-10-03T05:17:28.396655+00:00,2026-10-04T03:00:00Z,Arizona Wildcats,Cincinnati Bearcats,DraftKings,2026-10-03T05:17:22Z,-7.0,55.5,-250.0,205.0
2026-10-03T05:17:28.396662+00:00,2026-10-04T03:00:00Z,Arizona Wildcats,Cincinnati Bearcats,BetRivers,2026-10-03T05:16:04Z,-7.0,55.5,-275.0,210.0
2026-10-03T05:17:28.396668+00:00,2026-10-04T03:00:00Z,Arizona Wildcats,Cincinnati Bearcats,LowVig.ag,2026-10-03T05:16:51Z,-6.5,56.0,-238.0,198.0
2026-10-03T05:17:28.396675+00:00,2026-10-04T03:00:00Z,Arizona Wildcats,Cincinnati Bearcats,BetOnline.ag,2026-10-03T05:16:50Z,-6.5,56.0,-238.0,198.0
2026-10-03T05:17:28.396681+00:00,2026-10-04T03:00:00Z,Arizona Wildcats,Cincinnati Bearcats,MyBookie.ag,2026-10-03T05:16:36Z,-7.0,55.5,-265.0,208.0
2026-10-03T05:17:28.396688+00:00,2026-10-04T03:00:00Z,Arizona Wildcats,Cincinnati Bearcats,BetUS,2026-10-03T05:16:49Z,-6.5,56.0,-240.0,203.0
2026-10-03T05:17:28.396694+00:00,2026-10-04T03:00:00Z,Arizona Wildcats,Cincinnati Bearcats,BetMGM,2026-10-03T05:16:38Z,-7.0,55.5,-235.0,200.0
2026-10-03T05:17:28.396701+00:00,2026-10-04T03:00:00Z,Arizona Wildcats,Cincinnati Bearcats,Bovada,2026-10-03T05:16:54Z,-6.5,55.5,-250.0,210.0
2026-10-03T05:17:28.396708+00:00,2026-10-04T03:59:00Z,Hawaii Rainbow Warriors,San Jose State Spartans,FanDuel,2026-10-03T05:17:22Z,-3.5,50.5,-150.0,125.0
2026-10-03T05:17:28.396715+00:00,2026-10-04T03:59:00Z,Hawaii Rainbow Warriors,San Jose State Spartans,BetRivers,2026-10-03T05:16:04Z,-3.0,50.5,-167.0,135.0
2026-10-03T05:17:28.396721+00:00,2026-10-04T03:59:00Z,Hawaii Rainbow Warriors,San Jose State Spartans,BetOnline.ag,2026-10-03T05:16:50Z,-3.0,51.0,-145.0,125.0
2026-10-03T05:17:28.396728+00:00,2026-10-04T03:59:00Z,Hawaii Rainbow Warriors,San Jose State Spartans,LowVig.ag,2026-10-03T05:16:51Z,-3.0,51.0,-145.0,125.0
2026-10-03T05:17:28.396734+00:00,2026-10-04T03:59:00Z,Hawaii Rainbow Warriors,San Jose State Spartans,DraftKings,2026-10-03T05:17:22Z,-3.0,50.5,-148.0,124.0
2026-10-03T05:17:28.396741+00:00,2026-10-04T03:59:00Z,Hawaii Rainbow Warriors,San Jose State Spartans,MyBookie.ag,2026-10-03T05:16:36Z,-3.0,51.0,-154.0,125.0
2026-10-03T05:17:28.396747+00:00,2026-10-04T03:59:00Z,Hawaii Rainbow Warriors,San Jose State Spartans,BetUS,2026-10-03T05:16:49Z,-3.0,50.5,-145.0,125.0
2026-10-03T05:17:28.396753+00:00,2026-10-04T03:59:00Z,Hawaii Rainbow Warriors,San Jose State Spartans,BetMGM,2026-10-03T05:16:38Z,-3.0,50.5,-150.0,125.0
2026-10-03T05:17:28.396760+00:00,2026-10-04T03:59:00Z,Hawaii Rainbow Warriors,San Jose State Spartans,Bovada,2026-10-03T05:16:54Z,-3.0,51.0,-145.0,125.0
2026-10-03T05:17:28.396766+00:00,2026-10-07T00:00:00Z,Troy Trojans,Southern Mississippi Golden Eagles,FanDuel,2026-10-03T05:17:22Z,-9.5,50.5,-360.0,280.0
2026-10-03T05:17:28.396774+00:00,2026-10-07T00:00:00Z,Troy Trojans,Southern Mississippi Golden Eagles,DraftKings,2026-10-03T05:17:22Z,-9.5,48.5,-355.0,280.0
2026-10-03T05:17:28.396780+00:00,2026-10-07T00:00:00Z,Troy Trojans,Southern Mississippi Golden Eagles,BetRivers,2026-10-03T05:16:04Z,-9.5,49.5,-385.0,285.0
2026-10-03T05:17:28.396787+00:00,2026-10-07T23:00:00Z,Kennesaw State Owls,Jacksonville State Gamecocks,FanDuel,2026-10-03T05:17:22Z,3.5,50.5,128.0,-154.0
2026-10-03T05:17:28.396793+00:00,2026-10-07T23:00:00Z,Kennesaw State Owls,Jacksonville State Gamecocks,DraftKings,2026-10-03T05:17:22Z,2.5,48.5,120.0,-142.0
2026-10-03T05:17:28.396800+00:00,2026-10-07T23:00:00Z,Kennesaw State Owls,Jacksonville State Gamecocks,BetRivers,2026-10-03T05:16:04Z,3.0,49.5,130.0,-162.0
2026-10-03T05:17:28.396807+00:00,2026-10-07T23:30:00Z,Florida International Panthers,New Mexico State Aggies,FanDuel,2026-10-03T05:17:22Z,-4.5,50.5,-178.0,146.0
2026-10-03T05:17:28.396814+00:00,2026-10-10T01:00:00Z,Washington Huskies,Iowa Hawkeyes,DraftKings,2026-10-03T05:17:22Z,-1.5,41.5,-112.0,-108.0
2026-10-03T05:17:28.396820+00:00,2026-10-10T01:00:00Z,Washington Huskies,Iowa Hawkeyes,BetRivers,2026-10-03T05:16:04Z,-1.0,41.5,-113.0,-110.0
2026-10-03T05:17:28.396827+00:00,2026-10-10T02:15:00Z,BYU Cougars,Iowa State Cyclones,DraftKings,2026-10-03T05:17:22Z,-14.5,50.5,-625.0,455.0
2026-10-03T05:17:28.396833+00:00,2026-10-10T02:15:00Z,BYU Cougars,Iowa State Cyclones,BetRivers,2026-10-03T05:16:04Z,-13.5,50.5,-715.0,440.0
2026-10-03T05:17:28.396840+00:00,2026-10-10T16:00:00Z,Nebraska Cornhuskers,Indiana Hoosiers,FanDuel,2026-10-03T05:17:22Z,7.5,48.5,250.0,-315.0
2026-10-03T05:17:28.396846+00:00,2026-10-10T16:00:00Z,Nebraska Cornhuskers,Indiana Hoosiers,DraftKings,2026-10-03T05:17:22Z,8.5,50.5,285.0,-360.0
2026-10-03T05:17:28.396853+00:00,2026-10-10T16:00:00Z,Nebraska Cornhuskers,Indiana Hoosiers,BetRivers,2026-10-03T05:16:04Z,9.5,50.5,310.0,-420.0
2026-10-03T05:17:28.396860+00:00,2026-10-10T17:00:00Z,Florida Gators,South Carolina Gamecocks,DraftKings,2026-10-03T05:17:22Z,-14.5,57.5,-675.0,490.0
2026-10-03T05:17:28.396866+00:00,2026-10-10T17:00:00Z,Florida Gators,South Carolina Gamecocks,BetRivers,2026-10-03T05:16:04Z,-15.0,57.5,-835.0,525.0
2026-10-03T05:17:28.396873+00:00,2026-10-10T17:00:00Z,Missouri Tigers,Texas A&M Aggies,DraftKings,2026-10-03T05:17:22Z,-1.5,50.5,-118.0,-102.0
2026-10-03T05:17:28.396879+00:00,2026-10-10T17:00:00Z,Missouri Tigers,Texas A&M Aggies,BetRivers,2026-10-03T05:16:04Z,-1.0,50.5,-118.0,-106.0
2026-10-03T05:17:28.396886+00:00,2026-10-10T19:30:00Z,Oklahoma Sooners,Texas Longhorns,FanDuel,2026-10-03T05:17:22Z,9.5,41.5,300.0,-385.0
2026-10-03T05:17:28.396892+00:00,2026-10-10T19:30:00Z,Oklahoma Sooners,Texas Longhorns,DraftKings,2026-10-03T05:17:22Z,9.5,41.5,320.0,-410.0
2026-10-03T05:17:28.396899+00:00,2026-10-10T19:30:00Z,Oklahoma Sooners,Texas Longhorns,BetRivers,2026-10-03T05:16:04Z,9.5,41.5,325.0,-455.0
2026-10-03T05:17:28.396905+00:00,2026-10-10T19:30:00Z,Oregon Ducks,UCLA Bruins,FanDuel,2026-10-03T05:17:22Z,-12.5,60.5,-530.0,390.0
2026-10-03T05:17:28.396912+00:00,2026-10-10T19:30:00Z,Oregon Ducks,UCLA Bruins,DraftKings,2026-10-03T05:17:22Z,-12.5,60.5,-455.0,350.0
2026-10-03T05:17:28.396918+00:00,2026-10-10T19:30:00Z,Oregon Ducks,UCLA Bruins,BetRivers,2026-10-03T05:16:04Z,-12.5,60.5,-560.0,390.0
2026-10-03T05:17:28.396925+00:00,2026-10-10T23:00:00Z,Kentucky Wildcats,LSU Tigers,DraftKings,2026-10-03T05:17:22Z,10.0,50.5,280.0,-355.0
2026-10-03T05:17:28.396931+00:00,2026-10-10T23:00:00Z,Kentucky Wildcats,LSU Tigers,BetRivers,2026-10-03T05:16:04Z,10.5,50.5,335.0,-455.0
2026-10-03T05:17:28.396938+00:00,2026-10-10T23:30:00Z,Alabama Crimson Tide,Georgia Bulldogs,FanDuel,2026-10-03T05:17:22Z,2.5,55.5,112.0,-134.0
2026-10-03T05:17:28.396945+00:00,2026-10-10T23:30:00Z,Alabama Crimson Tide,Georgia Bulldogs,DraftKings,2026-10-03T05:17:22Z,3.0,54.5,130.0,-155.0
2026-10-03T05:17:28.396952+00:00,2026-10-10T23:30:00Z,Alabama Crimson Tide,Georgia Bulldogs,BetRivers,2026-10-03T05:16:04Z,3.0,54.5,128.0,-159.0
