season,team,conference,totalPPA,totalPassingPPA,totalReceivingPPA,totalRushingPPA,percentPPA,percentPassingPPA,percentReceivingPPA,percentRushingPPA,usage,passingUsage,receivingUsage,rushingUsage
2026,Air Force,Mountain West,185.9,78.9,14.5,92.4,0.574,1.017,0.127,0.697,0.625,0.994,0.143,0.636
2026,Akron,Mid-American,158.8,38.2,101.7,18.9,0.918,0.874,0.92,1.022,0.943,0.995,0.825,0.997
2026,Alabama,SEC,120.2,22.2,107.0,-9.1,0.264,0.123,0.41,-0.669,0.301,0.092,0.466,0.389
2026,App State,Sun Belt,107.7,-22.1,105.5,24.3,0.379,-0.309,0.575,0.85,0.523,0.142,0.665,0.882
2026,Arizona,Big 12,202.4,84.9,74.6,42.9,0.649,1.199,0.438,0.603,0.686,0.961,0.401,0.65
2026,Arizona State,Big 12,37.6,3.4,37.0,-2.8,0.155,0.054,0.305,-0.048,0.135,0.002,0.279,0.147
2026,Arkansas,SEC,65.7,25.0,24.7,15.9,0.145,0.187,0.117,0.145,0.196,0.136,0.272,0.189
2026,Arkansas State,Sun Belt,73.9,6.0,84.5,-16.5,0.3,0.072,0.542,-2.463,0.389,0.007,0.628,0.609
2026,Army,American Athletic,168.5,31.5,64.8,72.1,0.802,0.626,0.831,0.886,0.586,0.667,0.467,0.587
2026,Auburn,SEC,35.8,0.0,9.2,26.7,0.144,0.0,0.088,0.263,0.196,0.0,0.087,0.48
2026,Ball State,Mid-American,5.6,0.0,28.9,-23.3,0.057,0.0,0.319,-1.036,0.173,0.0,0.293,0.243
2026,Baylor,Big 12,212.6,90.4,86.0,36.2,0.602,0.777,0.469,0.677,0.651,0.984,0.325,0.598
2026,Boise State,Mountain West,234.2,92.8,74.4,67.0,0.663,0.943,0.396,1.004,0.734,0.996,0.348,0.807
2026,Boston College,ACC,45.8,8.6,41.9,-4.8,0.156,0.083,0.232,-0.623,0.095,0.006,0.213,0.078
2026,Bowling Green,Mid-American,-7.1,-9.4,2.2,0.0,-0.062,9.4,0.025,0.0,0.226,0.23,0.106,0.293
2026,Buffalo,Mid-American,-1.6,5.8,-8.4,1.0,-0.008,0.094,-0.071,0.09,0.146,0.007,0.341,0.111
2026,BYU,Big 12,284.3,114.6,78.6,91.0,0.785,1.0,0.513,0.965,0.882,1.0,0.602,0.998
2026,California,ACC,188.8,104.3,88.9,-4.4,0.583,0.887,0.43,0.0,0.53,0.972,0.311,0.142
2026,Central Michigan,Mid-American,134.9,7.8,84.0,43.1,0.54,0.092,0.646,1.228,0.422,0.18,0.615,0.468
2026,Charlotte,American Athletic,53.6,41.8,19.0,-7.2,0.409,1.13,0.158,0.268,0.478,0.887,0.145,0.308
2026,Cincinnati,Big 12,34.8,5.2,25.3,4.4,0.083,0.035,0.153,0.041,0.071,0.019,0.086,0.107
2026,Clemson,ACC,124.3,14.1,121.4,-11.2,0.414,0.141,0.712,-0.377,0.373,0.175,0.658,0.304
2026,Coastal Carolina,Sun Belt,28.4,5.8,17.0,5.6,0.154,0.115,0.17,0.161,0.226,0.005,0.336,0.346
2026,Colorado,Big 12,26.4,-13.2,47.2,-7.6,0.137,-0.261,0.386,-0.371,0.36,0.267,0.494,0.34
2026,Colorado State,Mountain West,79.6,12.4,73.2,-6.0,0.396,0.23,0.584,-0.28,0.306,0.269,0.5,0.139
2026,Delaware,Conference USA,299.8,126.1,150.2,23.6,0.849,0.963,0.771,0.877,0.917,0.98,0.796,0.986
2026,Duke,ACC,75.6,6.7,45.0,23.9,0.171,0.041,0.203,0.432,0.22,0.004,0.227,0.488
2026,East Carolina,American Athletic,50.6,0.0,37.5,13.1,0.136,0.0,0.195,0.268,0.136,0.0,0.262,0.158
2026,Eastern Michigan,Mid-American,228.5,100.3,104.3,23.9,0.721,0.974,0.635,0.486,0.587,0.995,0.501,0.223
2026,Florida,SEC,143.0,44.7,60.8,37.5,0.691,0.943,0.515,0.893,0.79,0.997,0.497,0.834
2026,Florida Atlantic,American Athletic,266.8,125.1,105.7,36.0,0.684,0.934,0.475,1.068,0.65,0.908,0.459,0.494
2026,Florida International,Conference USA,75.2,-0.3,66.6,8.9,0.316,-0.006,0.489,0.164,0.263,0.002,0.494,0.339
2026,Florida State,ACC,162.9,13.2,114.2,35.5,0.401,0.125,0.652,0.282,0.305,0.06,0.548,0.333
2026,Fresno State,Mountain West,104.6,7.4,90.3,6.9,0.383,0.073,0.695,0.166,0.491,0.005,0.746,0.712
2026,Georgia,SEC,248.1,120.2,59.4,68.5,0.687,0.997,0.347,0.993,0.742,0.991,0.327,0.826
2026,Georgia Southern,Sun Belt,19.4,-2.9,17.1,5.2,0.058,-0.04,0.093,0.066,0.212,0.071,0.202,0.376
2026,Georgia State,Sun Belt,131.7,62.0,46.5,23.2,0.465,0.642,0.276,1.268,0.286,0.403,0.232,0.188
2026,Georgia Tech,ACC,47.7,0.0,19.0,28.7,0.126,0.0,0.113,0.348,0.145,0.0,0.137,0.275
2026,Hawai'i,Mountain West,234.7,123.6,105.5,5.6,0.645,0.912,0.523,0.211,0.578,0.786,0.449,0.425
2026,Houston,Big 12,242.7,106.5,108.5,27.7,0.812,0.915,0.613,5.226,0.6,0.929,0.494,0.429
2026,Illinois,Big Ten,83.5,4.8,63.0,15.7,0.211,0.032,0.313,0.342,0.435,0.005,0.462,0.833
2026,Indiana,Big Ten,97.9,3.7,63.0,31.2,0.166,0.019,0.241,0.245,0.118,0.005,0.154,0.175
2026,Iowa,Big Ten,80.4,8.1,55.0,17.2,0.342,0.163,0.559,0.197,0.404,0.087,0.498,0.556
2026,Iowa State,Big 12,4.7,2.2,-0.3,2.7,0.017,0.03,-0.002,0.045,0.029,0.006,0.057,0.028
2026,Jacksonville State,Conference USA,133.7,31.1,49.2,53.4,0.495,0.76,0.49,0.416,0.466,0.66,0.293,0.438
2026,James Madison,Sun Belt,31.0,6.1,15.8,9.1,0.08,0.093,0.086,0.066,0.079,0.01,0.176,0.083
2026,Kansas,Big 12,59.5,-1.5,49.7,11.2,0.181,-0.015,0.331,0.145,0.162,0.071,0.344,0.098
2026,Kansas State,Big 12,167.8,74.7,71.7,21.5,0.714,1.0,0.573,0.606,0.795,1.0,0.633,0.736
2026,Kennesaw State,Conference USA,23.1,0.0,26.2,-3.1,0.061,0.0,0.132,-0.038,0.052,0.0,0.181,0.008
2026,Kent State,Mid-American,108.3,60.7,52.6,-5.0,0.641,1.032,0.452,0.758,0.516,0.85,0.514,0.229
2026,Kentucky,SEC,43.8,-1.6,48.3,-2.9,0.193,-0.029,0.345,-0.093,0.18,0.016,0.406,0.158
2026,Liberty,Conference USA,86.9,34.3,25.6,26.9,0.383,0.746,0.211,0.45,0.425,0.828,0.284,0.221
2026,Louisiana,Sun Belt,189.3,46.5,102.1,40.7,0.919,1.011,0.924,0.824,0.661,0.9,0.867,0.361
2026,Louisiana Tech,Conference USA,138.6,53.2,54.7,30.7,0.639,0.991,0.439,0.785,0.489,0.829,0.385,0.312
2026,Louisville,ACC,92.3,0.0,25.9,66.4,0.348,0.0,0.182,0.846,0.268,0.0,0.236,0.608
2026,LSU,SEC,42.9,5.8,26.9,10.2,0.212,0.132,0.203,0.402,0.269,0.005,0.16,0.702
2026,Marshall,Sun Belt,284.6,101.3,161.0,22.3,0.988,1.002,0.914,2.104,0.752,0.935,0.893,0.551
2026,Maryland,Big Ten,112.3,71.3,31.5,9.5,0.54,0.866,0.264,1.418,0.705,0.953,0.418,0.73
2026,Massachusetts,Mid-American,-3.4,10.4,-4.3,-9.5,-0.567,-0.365,-0.11,2.209,0.135,0.005,0.276,0.148
2026,Memphis,American Athletic,20.7,1.2,19.5,0.0,0.056,0.017,0.111,0.0,0.031,0.002,0.107,0.0
2026,Miami,ACC,167.9,9.0,103.6,55.3,0.369,0.055,0.449,0.914,0.491,0.02,0.528,0.904
2026,Miami (OH),Mid-American,31.9,-1.2,17.1,16.1,0.139,-0.024,0.13,0.333,0.287,0.236,0.311,0.315
2026,Michigan,Big Ten,212.5,69.8,74.3,68.4,0.692,1.037,0.601,0.589,0.711,0.986,0.46,0.668
2026,Michigan State,Big Ten,52.9,13.0,33.4,6.5,0.209,0.162,0.244,0.185,0.304,0.449,0.183,0.257
2026,Middle Tennessee,Conference USA,70.8,23.4,36.8,10.7,0.325,0.392,0.262,0.601,0.287,0.292,0.332,0.211
2026,Minnesota,Big Ten,113.5,61.3,50.3,2.0,0.649,0.971,0.451,10.0,0.679,0.992,0.43,0.559
2026,Mississippi State,SEC,109.5,-0.2,47.4,62.3,0.339,-0.002,0.279,0.873,0.398,0.195,0.483,0.514
2026,Missouri,SEC,132.8,-1.5,43.3,91.1,0.42,-0.023,0.329,0.775,0.502,0.238,0.429,0.752
2026,Missouri State,Conference USA,98.9,5.4,94.0,-0.5,0.313,0.053,0.474,-0.032,0.192,0.004,0.421,0.185
2026,Navy,American Athletic,46.7,-2.0,14.4,34.3,0.138,-0.031,0.146,0.194,0.136,0.13,0.125,0.14
2026,NC State,ACC,233.7,127.4,51.8,54.5,0.599,0.931,0.26,1.015,0.622,0.974,0.285,0.549
2026,Nebraska,Big Ten,146.2,4.1,119.6,22.6,0.463,0.052,0.741,0.295,0.392,0.307,0.612,0.288
2026,Nevada,Mountain West,32.3,11.7,25.2,-4.6,0.355,-1.3,0.412,-0.118,0.444,0.706,0.203,0.39
2026,New Mexico,Mountain West,174.1,65.9,64.3,44.0,0.582,0.74,0.432,0.714,0.573,0.968,0.269,0.454
2026,New Mexico State,Conference USA,34.2,14.2,38.7,-18.8,0.244,0.401,0.303,0.807,0.301,0.227,0.303,0.418
2026,North Carolina,ACC,46.9,4.8,34.0,8.1,0.278,0.095,0.328,0.536,0.316,0.027,0.439,0.53
2026,Northern Illinois,Mid-American,35.8,-21.2,41.6,15.3,0.437,1.377,0.929,0.289,0.473,0.435,0.698,0.4
2026,North Texas,American Athletic,13.8,4.4,6.1,3.3,0.025,0.024,0.024,0.028,0.017,0.004,0.036,0.013
2026,Northwestern,Big Ten,198.2,44.9,95.5,57.9,0.885,0.939,0.863,0.88,0.948,0.997,0.89,0.948
2026,Notre Dame,FBS Independents,175.6,105.8,62.4,7.4,0.512,0.907,0.376,0.123,0.461,0.922,0.336,0.167
2026,Ohio,Mid-American,205.6,72.9,24.1,108.5,0.625,0.937,0.168,1.004,0.833,0.997,0.336,0.998
2026,Ohio State,Big Ten,355.9,196.6,131.9,27.5,0.683,0.94,0.503,0.549,0.709,0.964,0.489,0.651
2026,Oklahoma,SEC,181.3,83.0,73.4,24.8,0.632,0.921,0.416,1.216,0.746,0.933,0.412,0.849
2026,Oklahoma State,Big 12,0.0,0.0,0.0,0.0,0.0,0.0,0.0,0.0,0.0,0.0,0.0,0.0
2026,Old Dominion,Sun Belt,32.8,-2.5,28.5,6.8,0.092,-0.019,0.18,0.098,0.306,0.125,0.127,0.526
2026,Ole Miss,SEC,279.4,167.4,53.1,58.9,0.503,0.791,0.194,0.838,0.679,0.853,0.29,0.839
2026,Oregon,Big Ten,373.3,162.3,141.6,69.4,0.753,0.945,0.635,0.683,0.67,0.98,0.534,0.485
2026,Oregon State,Pac-12,97.3,33.0,49.5,14.8,0.579,0.897,0.409,1.437,0.503,0.868,0.313,0.264
2026,Penn State,Big Ten,21.5,2.5,20.1,-1.1,0.076,0.033,0.145,-0.016,0.035,0.003,0.106,0.015
2026,Pittsburgh,ACC,149.9,74.5,51.9,23.4,0.397,0.586,0.24,0.672,0.505,0.684,0.262,0.534
2026,Purdue,Big Ten,111.7,55.6,28.6,27.5,0.475,0.97,0.216,0.606,0.49,0.837,0.231,0.338
2026,Rice,American Athletic,32.7,-16.8,25.3,24.2,0.394,-3.17,0.539,0.773,0.318,0.149,0.141,0.452
2026,Rutgers,Big Ten,165.0,12.7,104.4,47.8,0.444,0.099,0.545,0.926,0.407,0.031,0.407,0.792
2026,Sam Houston,Conference USA,38.1,4.2,34.5,-0.6,0.577,-0.311,0.568,-0.032,0.521,0.375,0.658,0.565
2026,San Diego State,Mountain West,182.6,20.4,82.8,79.5,0.987,1.0,0.973,1.0,0.998,1.0,0.992,1.0
2026,San José State,Mountain West,11.2,-7.6,4.0,14.8,0.038,-0.076,0.027,0.355,0.137,0.133,0.059,0.26
2026,SMU,ACC,219.8,144.4,75.1,0.3,0.569,0.966,0.372,0.009,0.578,0.993,0.345,0.303
2026,South Alabama,Sun Belt,180.8,58.7,80.0,42.1,0.786,0.951,0.802,0.617,0.759,0.997,0.806,0.571
2026,South Carolina,SEC,148.3,28.3,93.0,27.0,0.69,0.654,0.672,0.801,0.676,0.907,0.511,0.567
2026,Southern Miss,Sun Belt,289.4,97.7,137.3,54.4,0.902,0.974,0.819,1.019,0.921,0.998,0.847,0.908
2026,South Florida,American Athletic,55.0,8.8,46.8,-0.6,0.126,0.058,0.238,-0.007,0.161,0.005,0.311,0.18
2026,Stanford,ACC,47.9,-0.9,45.2,3.5,0.213,-0.012,0.312,1.346,0.298,0.01,0.317,0.626
2026,Syracuse,ACC,80.1,56.2,27.9,-4.1,0.35,0.834,0.2,-0.186,0.29,0.526,0.106,0.195
2026,TCU,Big 12,94.3,17.4,68.1,8.7,0.224,0.11,0.291,0.313,0.251,0.008,0.381,0.4
2026,Temple,American Athletic,96.1,0.0,90.6,5.4,0.37,0.0,0.691,0.229,0.292,0.0,0.629,0.276
2026,Tennessee,SEC,186.2,12.0,121.5,52.7,0.353,0.066,0.515,0.48,0.367,0.022,0.598,0.502
2026,Texas,SEC,187.5,73.6,81.3,32.6,0.721,0.854,0.55,1.264,0.58,0.979,0.423,0.278
2026,Texas A&M,SEC,266.6,102.5,107.1,56.9,0.728,0.972,0.605,0.681,0.702,0.942,0.55,0.604
2026,Texas State,Sun Belt,306.4,121.2,127.9,57.4,0.76,0.998,0.791,0.48,0.667,0.99,0.739,0.392
2026,Texas Tech,Big 12,231.6,41.4,118.1,72.1,0.534,0.268,0.57,0.988,0.567,0.233,0.532,0.934
2026,Toledo,Mid-American,224.9,107.1,103.9,13.8,0.663,0.985,0.584,0.263,0.564,0.856,0.61,0.257
2026,Troy,Sun Belt,75.1,47.0,18.5,9.5,0.353,1.028,0.116,1.357,0.568,0.964,0.107,0.522
2026,Tulane,American Athletic,72.5,0.0,52.7,19.8,0.21,0.0,0.283,0.595,0.185,0.0,0.325,0.239
2026,Tulsa,American Athletic,89.6,35.7,48.5,5.5,0.413,0.693,0.42,0.109,0.4,0.778,0.237,0.178
2026,UAB,American Athletic,245.1,90.2,124.0,30.9,0.796,1.0,0.735,0.633,0.855,1.0,0.69,0.852
2026,UCF,Big 12,62.3,2.6,70.3,-10.6,0.248,0.039,0.58,-0.168,0.196,0.005,0.525,0.085
2026,UCLA,Big Ten,108.3,17.5,29.3,61.5,0.57,0.547,0.338,0.861,0.635,0.907,0.274,0.69
2026,UConn,FBS Independents,11.4,6.1,5.3,-0.1,0.023,0.032,0.024,-0.001,0.027,0.009,0.066,0.005
2026,UL Monroe,Sun Belt,63.5,34.0,26.8,2.7,0.387,0.782,0.259,0.157,0.458,0.965,0.341,0.136
2026,UNLV,Mountain West,66.1,4.6,29.4,32.1,0.154,0.038,0.143,0.311,0.271,0.012,0.288,0.513
2026,USC,Big Ten,305.5,178.7,64.3,62.6,0.592,0.909,0.269,0.78,0.657,0.956,0.253,0.732
2026,Utah,Big 12,278.5,107.0,40.4,131.1,0.679,0.974,0.286,0.827,0.715,0.992,0.328,0.766
2026,Utah State,Mountain West,215.0,83.0,79.4,52.6,0.652,0.866,0.486,0.744,0.708,0.993,0.421,0.659
2026,UTEP,Conference USA,-0.9,-3.1,10.9,-8.7,-0.011,0.181,0.153,-0.309,0.098,0.025,0.145,0.144
2026,UTSA,American Athletic,234.1,110.4,100.3,23.5,0.669,0.927,0.606,0.358,0.7,0.993,0.504,0.57
2026,Vanderbilt,SEC,203.3,17.8,126.2,59.3,0.354,0.087,0.501,0.501,0.326,0.061,0.449,0.501
2026,Virginia,ACC,34.9,1.2,14.3,19.3,0.095,0.011,0.087,0.21,0.136,0.004,0.205,0.205
2026,Virginia Tech,ACC,94.3,0.0,67.9,26.4,0.367,0.0,0.541,0.308,0.277,0.0,0.583,0.32
2026,Wake Forest,ACC,44.1,21.1,20.0,3.0,0.142,0.229,0.131,0.046,0.121,0.012,0.276,0.102
2026,Washington,Big Ten,228.1,102.1,68.6,57.4,0.544,0.942,0.342,0.519,0.571,0.943,0.38,0.355
2026,Washington State,Pac-12,228.3,78.7,120.8,28.8,0.913,1.0,0.847,1.0,0.975,1.0,0.917,1.0
2026,Western Kentucky,Conference USA,312.2,99.1,185.2,27.9,0.837,0.951,0.848,0.547,0.784,0.994,0.78,0.493
2026,Western Michigan,Mid-American,155.5,27.1,83.3,45.2,0.997,1.0,1.0,1.0,1.0,1.0,1.0,1.0
2026,West Virginia,Big 12,21.1,11.1,10.6,-0.7,0.14,0.624,0.094,-0.035,0.262,0.546,0.056,0.153
2026,Wisconsin,Big Ten,29.8,-2.0,24.6,7.1,0.31,-5.0,0.337,0.318,0.468,0.519,0.227,0.576
2026,Wyoming,Mountain West,36.8,1.1,21.8,13.8,0.23,0.032,0.201,0.807,0.281,0.124,0.355,0.387
