team,season,prior_season,ret_yards_share,prior_yards,players_prior,players_back
Abilene Christian,2026,2025,0.1686,8240.0,21,7
Alabama A&M,2026,2025,0.318,6867.0,29,11
Alabama State,2026,2025,0.5464,7921.0,28,12
Alcorn State,2026,2025,0.4211,6412.0,25,7
Arkansas-Pine Bluff,2026,2025,0.3395,5852.0,21,9
Austin Peay,2026,2025,0.7027,7828.0,23,11
Bethune-Cookman,2026,2025,0.177,6994.0,19,10
Brown,2026,2025,0.8358,6546.0,19,14
Bryant,2026,2025,0.3774,6344.0,16,5
Bucknell,2026,2025,0.3672,6911.0,20,9
Butler,2026,2025,0.5962,5624.0,19,9
Cal Poly,2026,2025,0.4945,7638.0,31,13
Campbell,2026,2025,0.5485,6866.0,24,11
Central Arkansas,2026,2025,0.2448,7161.0,23,10
Central Connecticut,2026,2025,0.1217,8115.0,23,8
Charleston Southern,2026,2025,0.163,6129.0,20,8
Chattanooga,2026,2025,0.2748,6783.0,15,7
Colgate,2026,2025,0.4335,8171.0,21,10
Columbia,2026,2025,0.8876,5062.0,22,15
Cornell,2026,2025,0.852,5904.0,21,14
Dartmouth,2026,2025,0.5918,5933.0,18,12
Davidson,2026,2025,0.2331,6095.0,21,9
Dayton,2026,2025,0.8804,6281.0,24,19
Delaware State,2026,2025,0.2632,7242.0,27,12
Drake,2026,2025,0.1905,5737.0,20,8
Duquesne,2026,2025,0.2206,6622.0,24,12
East Tennessee State,2026,2025,0.2071,8262.0,22,8
East Texas A&M,2026,2025,0.323,7591.0,24,11
Eastern Illinois,2026,2025,0.4649,5560.0,18,7
Eastern Kentucky,2026,2025,0.7908,4746.0,21,10
Eastern Washington,2026,2025,0.6344,6786.0,24,15
Elon,2026,2025,0.2901,6925.0,14,6
