year,team,conference,rating,ranking,secondOrderWins,sos,offense.ranking,offense.rating,offense.success,offense.explosiveness,offense.rushing,offense.passing,offense.standardDowns,offense.passingDowns,offense.runRate,offense.pace,defense.ranking,defense.rating,defense.success,defense.explosiveness,defense.rushing,defense.passing,defense.standardDowns,defense.passingDowns,defense.havoc.total,defense.havoc.frontSeven,defense.havoc.db,specialTeams.rating
2026,Georgia,SEC,30.2,1.0,,,1.0,41.6,,,,,,,,,1.0,11.8,,,,,,,,,,0.5
2026,Ohio State,Big Ten,28.8,2.0,,,1.0,41.6,,,,,,,,,2.0,12.7,,,,,,,,,,-0.1
2026,Notre Dame,FBS Independents,28.1,3.0,,,4.0,40.5,,,,,,,,,2.0,12.7,,,,,,,,,,0.2
2026,Indiana,Big Ten,26.9,4.0,,,5.0,40.3,,,,,,,,,7.0,13.7,,,,,,,,,,0.3
2026,Miami,ACC,25.7,5.0,,,8.0,39.5,,,,,,,,,8.0,14.0,,,,,,,,,,0.2
2026,Alabama,SEC,23.0,6.0,,,7.0,39.6,,,,,,,,,13.0,16.6,,,,,,,,,,0.0
2026,Texas,SEC,22.4,7.0,,,16.0,35.7,,,,,,,,,5.0,13.6,,,,,,,,,,0.3
2026,Oregon,Big Ten,21.6,8.0,,,5.0,40.3,,,,,,,,,25.0,19.0,,,,,,,,,,0.3
2026,Utah,Big 12,21.5,9.0,,,13.0,37.1,,,,,,,,,11.0,15.7,,,,,,,,,,0.1
2026,LSU,SEC,21.3,10.0,,,22.0,34.7,,,,,,,,,4.0,13.4,,,,,,,,,,0.0
2026,Texas Tech,Big 12,20.2,11.0,,,11.0,37.5,,,,,,,,,17.0,17.6,,,,,,,,,,0.3
2026,Florida,SEC,18.5,12.0,,,9.0,38.8,,,,,,,,,31.0,20.8,,,,,,,,,,0.5
2026,USC,Big Ten,17.8,13.0,,,3.0,41.5,,,,,,,,,49.0,23.7,,,,,,,,,,-0.1
2026,Tennessee,SEC,17.7,14.0,,,14.0,36.8,,,,,,,,,26.0,19.3,,,,,,,,,,0.2
2026,Nebraska,Big Ten,16.9,15.0,,,20.0,35.2,,,,,,,,,22.0,18.3,,,,,,,,,,0.0
2026,Penn State,Big Ten,16.9,15.0,,,28.0,32.7,,,,,,,,,12.0,16.1,,,,,,,,,,0.3
2026,BYU,Big 12,16.3,17.0,,,24.0,34.3,,,,,,,,,21.0,18.2,,,,,,,,,,0.3
2026,Mississippi State,SEC,15.1,18.0,,,10.0,37.9,,,,,,,,,47.0,23.1,,,,,,,,,,0.3
2026,Iowa,Big Ten,14.8,19.0,,,51.0,29.0,,,,,,,,,10.0,14.5,,,,,,,,,,0.3
2026,Pittsburgh,ACC,14.7,20.0,,,36.0,32.0,,,,,,,,,15.0,17.4,,,,,,,,,,0.1
2026,Virginia,ACC,14.4,21.0,,,29.0,32.4,,,,,,,,,20.0,18.1,,,,,,,,,,0.1
2026,Michigan,Big Ten,14.3,22.0,,,52.0,28.8,,,,,,,,,9.0,14.4,,,,,,,,,,-0.1
2026,Kansas State,Big 12,14.0,23.0,,,21.0,35.0,,,,,,,,,34.0,21.2,,,,,,,,,,0.2
2026,UCLA,Big Ten,13.8,24.0,,,16.0,35.7,,,,,,,,,40.0,22.0,,,,,,,,,,0.1
2026,Missouri,SEC,13.7,25.0,,,40.0,31.2,,,,,,,,,14.0,17.3,,,,,,,,,,-0.2
2026,SMU,ACC,13.0,26.0,,,16.0,35.7,,,,,,,,,41.0,22.3,,,,,,,,,,-0.4
2026,Oklahoma,SEC,12.8,27.0,,,75.0,26.1,,,,,,,,,5.0,13.6,,,,,,,,,,0.2
2026,Virginia Tech,ACC,12.3,28.0,,,27.0,32.9,,,,,,,,,30.0,20.6,,,,,,,,,,0.0
2026,Washington,Big Ten,12.1,29.0,,,45.0,29.9,,,,,,,,,18.0,17.7,,,,,,,,,,-0.1
2026,Houston,Big 12,12.1,29.0,,,15.0,36.3,,,,,,,,,53.0,24.2,,,,,,,,,,-0.1
2026,Auburn,SEC,11.4,31.0,,,53.0,28.7,,,,,,,,,16.0,17.5,,,,,,,,,,0.3
2026,Ole Miss,SEC,11.1,32.0,,,12.0,37.2,,,,,,,,,75.0,26.6,,,,,,,,,,0.5
2026,Arizona,Big 12,10.7,33.0,,,32.0,32.3,,,,,,,,,38.0,21.3,,,,,,,,,,-0.3
2026,Oklahoma State,Big 12,10.2,34.0,,,33.0,32.2,,,,,,,,,42.0,22.4,,,,,,,,,,0.4
2026,Duke,ACC,10.2,34.0,,,29.0,32.4,,,,,,,,,42.0,22.4,,,,,,,,,,0.2
2026,Louisville,ACC,9.9,36.0,,,19.0,35.4,,,,,,,,,66.0,25.7,,,,,,,,,,0.1
2026,James Madison,Sun Belt,9.9,36.0,,,48.0,29.4,,,,,,,,,27.0,19.5,,,,,,,,,,0.0
2026,Cincinnati,Big 12,9.2,38.0,,,23.0,34.4,,,,,,,,,63.0,25.5,,,,,,,,,,0.2
2026,Texas A&M,SEC,8.9,39.0,,,38.0,31.4,,,,,,,,,44.0,22.5,,,,,,,,,,0.0
2026,UCF,Big 12,8.7,40.0,,,65.0,27.0,,,,,,,,,23.0,18.4,,,,,,,,,,0.1
2026,Illinois,Big Ten,8.5,41.0,,,24.0,34.3,,,,,,,,,69.0,26.2,,,,,,,,,,0.4
2026,TCU,Big 12,8.2,42.0,,,58.0,28.2,,,,,,,,,28.0,19.9,,,,,,,,,,-0.1
2026,Baylor,Big 12,8.1,43.0,,,55.0,28.5,,,,,,,,,31.0,20.8,,,,,,,,,,0.5
2026,Kentucky,SEC,8.0,44.0,,,40.0,31.2,,,,,,,,,47.0,23.1,,,,,,,,,,-0.1
2026,North Dakota State,Mountain West,7.8,45.0,,,54.0,28.6,,,,,,,,,33.0,20.9,,,,,,,,,,0.2
2026,New Mexico,Mountain West,7.7,46.0,,,61.0,27.9,,,,,,,,,29.0,20.4,,,,,,,,,,0.2
2026,Boise State,Pac-12,7.6,47.0,,,29.0,32.4,,,,,,,,,56.0,24.8,,,,,,,,,,0.0
2026,Vanderbilt,SEC,7.5,48.0,,,46.0,29.8,,,,,,,,,45.0,22.6,,,,,,,,,,0.4
2026,South Carolina,SEC,7.5,48.0,,,39.0,31.3,,,,,,,,,51.0,24.1,,,,,,,,,,0.4
2026,Northwestern,Big Ten,7.3,50.0,,,59.0,28.1,,,,,,,,,34.0,21.2,,,,,,,,,,0.4
2026,Wisconsin,Big Ten,6.9,51.0,,,84.0,24.9,,,,,,,,,19.0,18.0,,,,,,,,,,0.0
2026,Minnesota,Big Ten,6.5,52.0,,,62.0,27.7,,,,,,,,,34.0,21.2,,,,,,,,,,-0.1
2026,Florida State,ACC,5.7,53.0,,,35.0,32.1,,,,,,,,,74.0,26.5,,,,,,,,,,0.1
2026,Clemson,ACC,4.9,54.0,,,91.0,23.5,,,,,,,,,24.0,18.9,,,,,,,,,,0.3
2026,Maryland,Big Ten,3.9,55.0,,,56.0,28.4,,,,,,,,,54.0,24.7,,,,,,,,,,0.1
2026,South Florida,American Athletic,3.9,55.0,,,49.0,29.3,,,,,,,,,61.0,25.4,,,,,,,,,,0.0
2026,Wake Forest,ACC,3.7,57.0,,,50.0,29.1,,,,,,,,,63.0,25.5,,,,,,,,,,0.2
2026,Iowa State,Big 12,3.4,58.0,,,86.0,24.5,,,,,,,,,39.0,21.4,,,,,,,,,,0.3
2026,NC State,ACC,3.4,58.0,,,37.0,31.5,,,,,,,,,84.0,28.0,,,,,,,,,,-0.1
2026,North Carolina,ACC,3.0,60.0,,,88.0,23.9,,,,,,,,,34.0,21.2,,,,,,,,,,0.3
2026,Arizona State,Big 12,3.0,60.0,,,73.0,26.3,,,,,,,,,46.0,22.8,,,,,,,,,,-0.5
2026,Liberty,Conference USA,2.5,62.0,,,63.0,27.4,,,,,,,,,54.0,24.7,,,,,,,,,,-0.1
2026,Memphis,American Athletic,2.3,63.0,,,33.0,32.2,,,,,,,,,97.0,30.0,,,,,,,,,,0.2
2026,West Virginia,Big 12,1.4,64.0,,,43.0,30.4,,,,,,,,,92.0,29.1,,,,,,,,,,0.1
2026,Oregon State,Pac-12,1.2,65.0,,,67.0,26.5,,,,,,,,,56.0,24.8,,,,,,,,,,-0.5
2026,Kansas,Big 12,1.0,66.0,,,70.0,26.4,,,,,,,,,67.0,25.8,,,,,,,,,,0.4
2026,Michigan State,Big Ten,0.3,67.0,,,80.0,25.3,,,,,,,,,58.0,24.9,,,,,,,,,,0.0
2026,Toledo,Mid-American,0.3,67.0,,,67.0,26.5,,,,,,,,,68.0,25.9,,,,,,,,,,-0.3
2026,Georgia Tech,ACC,-0.1,69.0,,,66.0,26.6,,,,,,,,,76.0,26.9,,,,,,,,,,0.2
2026,Fresno State,Pac-12,-0.3,70.0,,,90.0,23.6,,,,,,,,,50.0,24.0,,,,,,,,,,0.1
2026,Arkansas,SEC,-0.3,70.0,,,59.0,28.1,,,,,,,,,90.0,28.7,,,,,,,,,,0.3
2026,Army,American Athletic,-0.8,72.0,,,75.0,26.1,,,,,,,,,77.0,27.0,,,,,,,,,,0.1
2026,UTSA,American Athletic,-1.0,73.0,,,44.0,30.0,,,,,,,,,99.0,31.0,,,,,,,,,,0.0
2026,Syracuse,ACC,-1.2,74.0,,,97.0,22.6,,,,,,,,,51.0,24.1,,,,,,,,,,0.3
2026,Rutgers,Big Ten,-1.6,75.0,,,42.0,31.0,,,,,,,,,112.0,32.8,,,,,,,,,,0.2
2026,Texas State,Pac-12,-1.8,76.0,,,26.0,33.7,,,,,,,,,122.0,35.4,,,,,,,,,,-0.1
2026,Jacksonville State,Conference USA,-2.2,77.0,,,70.0,26.4,,,,,,,,,87.0,28.4,,,,,,,,,,-0.2
2026,UNLV,Mountain West,-2.4,78.0,,,75.0,26.1,,,,,,,,,89.0,28.5,,,,,,,,,,0.0
2026,East Carolina,American Athletic,-2.8,79.0,,,92.0,23.4,,,,,,,,,69.0,26.2,,,,,,,,,,-0.1
2026,Louisiana,Sun Belt,-3.0,80.0,,,83.0,25.1,,,,,,,,,82.0,27.8,,,,,,,,,,-0.3
2026,California,ACC,-3.2,81.0,,,93.0,23.3,,,,,,,,,69.0,26.2,,,,,,,,,,-0.4
2026,Colorado,Big 12,-3.3,82.0,,,99.0,22.2,,,,,,,,,59.0,25.1,,,,,,,,,,-0.4
2026,Tulsa,American Athletic,-3.4,83.0,,,101.0,21.7,,,,,,,,,60.0,25.3,,,,,,,,,,0.1
2026,Air Force,Mountain West,-3.4,83.0,,,74.0,26.2,,,,,,,,,94.0,29.7,,,,,,,,,,0.1
2026,UConn,FBS Independents,-3.7,85.0,,,79.0,25.5,,,,,,,,,93.0,29.6,,,,,,,,,,0.3
2026,Navy,American Athletic,-3.7,85.0,,,78.0,25.9,,,,,,,,,95.0,29.8,,,,,,,,,,0.1
2026,Florida Atlantic,American Athletic,-4.2,87.0,,,64.0,27.2,,,,,,,,,106.0,31.7,,,,,,,,,,0.3
2026,Miami (OH),Mid-American,-4.3,88.0,,,86.0,24.5,,,,,,,,,91.0,28.9,,,,,,,,,,0.1
2026,App State,Sun Belt,-4.4,89.0,,,80.0,25.3,,,,,,,,,95.0,29.8,,,,,,,,,,0.2
2026,Boston College,ACC,-4.6,90.0,,,106.0,20.9,,,,,,,,,65.0,25.6,,,,,,,,,,0.1
2026,North Texas,American Athletic,-5.7,91.0,,,47.0,29.7,,,,,,,,,120.0,35.1,,,,,,,,,,-0.3
2026,Temple,American Athletic,-6.1,92.0,,,67.0,26.5,,,,,,,,,112.0,32.8,,,,,,,,,,0.1
2026,Massachusetts,Mid-American,-6.2,93.0,,,101.0,21.7,,,,,,,,,82.0,27.8,,,,,,,,,,-0.1
2026,Purdue,Big Ten,-6.4,94.0,,,57.0,28.3,,,,,,,,,120.0,35.1,,,,,,,,,,0.4
2026,Nevada,Mountain West,-6.5,95.0,,,103.0,21.6,,,,,,,,,87.0,28.4,,,,,,,,,,0.4
2026,Western Michigan,Mid-American,-7.2,96.0,,,113.0,19.1,,,,,,,,,72.0,26.3,,,,,,,,,,0.0
2026,Tulane,American Athletic,-7.3,97.0,,,109.0,20.0,,,,,,,,,80.0,27.6,,,,,,,,,,0.3
2026,Colorado State,Pac-12,-7.3,97.0,,,70.0,26.4,,,,,,,,,116.0,33.6,,,,,,,,,,0.0
2026,Florida International,Conference USA,-7.6,99.0,,,124.0,17.9,,,,,,,,,61.0,25.4,,,,,,,,,,-0.2
2026,San Diego State,Pac-12,-7.8,100.0,,,110.0,19.9,,,,,,,,,86.0,28.1,,,,,,,,,,0.4
2026,Old Dominion,Sun Belt,-7.9,101.0,,,117.0,18.8,,,,,,,,,73.0,26.4,,,,,,,,,,-0.3
2026,Stanford,ACC,-8.4,102.0,,,98.0,22.3,,,,,,,,,98.0,30.3,,,,,,,,,,-0.3
2026,Georgia Southern,Sun Belt,-8.6,103.0,,,95.0,23.0,,,,,,,,,104.0,31.4,,,,,,,,,,-0.2
2026,Troy,Sun Belt,-8.8,104.0,,,112.0,19.3,,,,,,,,,84.0,28.0,,,,,,,,,,-0.1
2026,Utah State,Pac-12,-9.3,105.0,,,121.0,18.2,,,,,,,,,78.0,27.1,,,,,,,,,,-0.4
2026,Washington State,Pac-12,-9.3,105.0,,,120.0,18.4,,,,,,,,,79.0,27.5,,,,,,,,,,-0.2
2026,Arkansas State,Sun Belt,-9.5,107.0,,,93.0,23.3,,,,,,,,,110.0,32.7,,,,,,,,,,-0.1
2026,Louisiana Tech,Sun Belt,-9.8,108.0,,,104.0,21.5,,,,,,,,,101.0,31.3,,,,,,,,,,0.0
2026,Ohio,Mid-American,-10.5,109.0,,,105.0,21.2,,,,,,,,,101.0,31.3,,,,,,,,,,-0.4
2026,Delaware,Conference USA,-10.7,110.0,,,100.0,21.8,,,,,,,,,108.0,32.2,,,,,,,,,,-0.3
2026,Georgia State,Sun Belt,-11.2,111.0,,,85.0,24.6,,,,,,,,,125.0,35.6,,,,,,,,,,-0.2
2026,Coastal Carolina,Sun Belt,-11.4,112.0,,,96.0,22.8,,,,,,,,,119.0,34.1,,,,,,,,,,-0.1
2026,Kennesaw State,Conference USA,-11.7,113.0,,,108.0,20.1,,,,,,,,,101.0,31.3,,,,,,,,,,-0.4
2026,Hawai'i,Mountain West,-12.2,114.0,,,111.0,19.8,,,,,,,,,108.0,32.2,,,,,,,,,,0.2
2026,Marshall,Sun Belt,-12.5,115.0,,,82.0,25.2,,,,,,,,,134.0,37.7,,,,,,,,,,0.0
2026,Wyoming,Mountain West,-12.7,116.0,,,126.0,15.1,,,,,,,,,80.0,27.6,,,,,,,,,,-0.2
2026,Sam Houston,Conference USA,-14.1,117.0,,,113.0,19.1,,,,,,,,,112.0,32.8,,,,,,,,,,-0.4
2026,UAB,American Athletic,-14.3,118.0,,,116.0,18.9,,,,,,,,,115.0,33.0,,,,,,,,,,-0.2
2026,Rice,American Athletic,-15.1,119.0,,,119.0,18.5,,,,,,,,,116.0,33.6,,,,,,,,,,0.0
2026,San José State,Mountain West,-15.1,119.0,,,125.0,16.6,,,,,,,,,105.0,31.5,,,,,,,,,,-0.2
2026,South Alabama,Sun Belt,-15.4,121.0,,,88.0,23.9,,,,,,,,,136.0,38.8,,,,,,,,,,-0.4
2026,Middle Tennessee,Conference USA,-16.0,122.0,,,123.0,18.0,,,,,,,,,118.0,34.0,,,,,,,,,,0.1
2026,Western Kentucky,Conference USA,-16.4,123.0,,,107.0,20.2,,,,,,,,,131.0,36.8,,,,,,,,,,0.2
2026,Buffalo,Mid-American,-17.2,124.0,,,129.0,14.5,,,,,,,,,107.0,32.1,,,,,,,,,,0.3
2026,Missouri State,Conference USA,-17.6,125.0,,,118.0,18.7,,,,,,,,,128.0,35.9,,,,,,,,,,-0.4
2026,New Mexico State,Conference USA,-17.8,126.0,,,122.0,18.1,,,,,,,,,126.0,35.7,,,,,,,,,,-0.2
2026,Eastern Michigan,Mid-American,-18.0,127.0,,,127.0,15.0,,,,,,,,,110.0,32.7,,,,,,,,,,-0.2
2026,Southern Miss,Sun Belt,-18.4,128.0,,,115.0,19.0,,,,,,,,,132.0,37.1,,,,,,,,,,-0.4
2026,Central Michigan,Mid-American,-18.7,129.0,,,136.0,12.7,,,,,,,,,100.0,31.1,,,,,,,,,,-0.3
2026,Kent State,Mid-American,-22.4,130.0,,,132.0,13.4,,,,,,,,,122.0,35.4,,,,,,,,,,-0.3
2026,Sacramento State,Mid-American,-22.9,131.0,,,133.0,12.8,,,,,,,,,124.0,35.5,,,,,,,,,,-0.2
2026,Akron,Mid-American,-23.1,132.0,,,130.0,14.0,,,,,,,,,130.0,36.6,,,,,,,,,,-0.5
2026,Northern Illinois,Mountain West,-23.9,133.0,,,133.0,12.8,,,,,,,,,129.0,36.4,,,,,,,,,,-0.3
2026,UTEP,Mountain West,-24.0,134.0,,,128.0,14.7,,,,,,,,,135.0,38.3,,,,,,,,,,-0.4
2026,Ball State,Mid-American,-25.0,135.0,,,133.0,12.8,,,,,,,,,133.0,37.5,,,,,,,,,,-0.3
2026,Bowling Green,Mid-American,-26.4,136.0,,,138.0,9.2,,,,,,,,,126.0,35.7,,,,,,,,,,0.1
2026,Charlotte,American Athletic,-27.3,137.0,,,137.0,12.2,,,,,,,,,137.0,39.2,,,,,,,,,,-0.3
2026,UL Monroe,Sun Belt,-29.0,138.0,,,131.0,13.8,,,,,,,,,138.0,42.3,,,,,,,,,,-0.5
2026,nationalAverages,,0.43623188405797103,,,,,26.579710144927535,,,,,,,,,,26.156521739130437,,,,,,,,,,0.015217391304347827
