game_id,team,opponent,home_away,points,rushingTDs,puntReturnYards,puntReturnTDs,puntReturns,passingTDs,kickReturnYards,kickReturnTDs,kickReturns,kickingPoints,fumblesRecovered,totalFumbles,tacklesForLoss,defensiveTDs,tackles,sacks,qbHurries,passesDeflected,possessionTime,interceptions,fumblesLost,turnovers,totalPenaltiesYards,yardsPerRushAttempt,rushingAttempts,rushingYards,yardsPerPass,completionAttempts,netPassingYards,totalYards,fourthDownEff,thirdDownEff,firstDowns,interceptionYards,interceptionTDs,passesIntercepted
401869156,Chicago State,Roosevelt,home,28,1,18,0,1,3,85,0,5,4,1,2,8,0,41,1,0,1,34:18,2,1,3,9-50,4.0,31,123,6.6,29-40,264,387,2-5,3-13,21,,,
401869156,Roosevelt,Chicago State,away,44,1,7,0,2,3,35,0,2,14,1,1,5,1,52,0,2,1,25:42,0,1,1,6-46,4.9,31,153,7.4,20-32,236,389,2-2,4-12,21,28,1,2
401868073,Cal Poly,Idaho,home,38,1,1,0,1,4,77,0,3,8,,,0,0,31,1,0,1,32:26,0,0,0,3-27,4.7,42,197,8.9,26-36,319,516,2-3,9-16,29,,,
401868073,Idaho,Cal Poly,away,34,1,,,,2,58,0,3,14,,,0,0,40,1,0,6,27:34,0,0,0,8-61,3.5,34,119,14.5,18-25,363,482,1-1,5-12,18,,,
401856768,Utah,Idaho,home,66,4,33,0,2,5,,,,12,1,1,4,0,24,1,0,2,34:20,0,0,0,1-10,7.4,49,364,10.3,17-26,269,633,1-2,8-12,33,2,0,1
401856768,Idaho,Utah,away,14,2,,,,0,17,0,1,2,0,1,2,0,33,0,0,3,25:40,1,1,2,5-35,3.4,31,106,4.0,11-30,119,225,1-2,3-13,13,,,
401868279,St. Thomas (MN),Winona State,home,15,1,5,0,2,1,18,0,1,3,0,1,10,0,26,3,4,3,29:52,0,0,0,4-50,4.5,35,156,7.5,13-22,166,322,0-0,6-14,14,-1,0,1
401868279,Winona State,St. Thomas (MN),away,9,1,0,0,2,0,56,0,3,3,0,1,3,0,31,0,2,0,30:08,1,0,1,3-18,4.4,33,144,4.6,13-25,116,260,0-0,5-13,15,,,
401868934,Arkansas-Pine Bluff,Morehouse,home,35,2,27,0,2,3,76,0,3,5,2,2,11,0,40,3,1,2,25:16,2,0,2,3-30,4.8,32,154,12.2,13-19,232,386,0-1,1-7,17,,,
401868934,Morehouse,Arkansas-Pine Bluff,away,15,2,-14,0,1,0,79,0,5,1,0,2,5,0,25,1.5,0,2,34:44,0,2,2,7-80,2.4,38,90,7.5,26-38,286,376,2-2,5-16,22,19,0,2
401868948,Florida A&M,Albany State,home,20,1,30,0,3,1,17,0,1,8,,,7,0,24,2,0,0,25:31,0,0,0,7-73,2.2,32,70,7.6,14-25,190,260,1-2,3-13,15,,,
401868948,Albany State,Florida A&M,away,7,0,0,0,1,1,43,0,3,1,0,1,7,0,33,3,0,3,34:29,0,1,1,3-15,0.1,37,3,7.3,14-22,160,163,0-0,2-11,15,,,
401868953,Grambling,Central State,home,48,6,,,,0,24,0,1,12,1,1,6,0,35,2,9,5,33:11,2,1,3,4-38,9.0,40,361,10.1,19-28,283,644,1-1,9-12,26,,,
401868953,Central State,Grambling,away,26,1,,,,2,129,0,6,4,1,1,4,0,42,0,2,5,26:49,0,1,1,4-27,4.3,32,138,8.9,15-28,248,386,0-1,7-13,18,0,0,2
401868958,Jackson State,Edward Waters,home,66,5,63,0,5,4,86,0,3,12,0,2,10,0,35,4,3,3,32:34,1,0,1,9-89,6.2,51,316,14.4,17-27,388,704,0-0,9-11,32,,,
401868958,Edward Waters,Jackson State,away,14,1,,,,0,100,0,6,2,,,3,1,42,0,3,3,27:26,0,0,0,6-45,1.6,30,48,6.3,13-29,183,231,0-2,4-14,13,52,1,1
401868970,Southern,Kentucky State,home,34,2,14,0,3,2,23,0,1,4,0,1,10,1,42,5,3,5,27:24,0,0,0,5-35,4.6,37,172,6.9,15-29,200,372,1-1,4-13,19,85,1,1
401868970,Kentucky State,Southern,away,15,0,19,0,3,2,72,0,6,1,,,8,0,38,0,2,1,32:36,1,0,1,3-15,4.3,31,133,5.7,22-43,245,378,0-4,5-17,18,,,
401868325,Alabama State,Lane College,home,34,3,83,0,4,1,25,0,1,10,1,0,13,0,46,4,3,2,23:11,1,0,1,4-45,4.2,36,150,7.5,11-17,128,278,0-1,5-11,13,6,0,1
401868325,Lane College,Alabama State,away,0,0,,,,0,103,0,6,0,0,4,1,0,30,0,1,0,36:49,1,1,2,6-40,2.0,45,89,6.2,9-15,93,182,0-2,5-14,14,0,0,1
401868297,Alabama A&M,Miles,home,38,4,11,0,1,1,66,0,4,8,,,7,0,21,3,5,3,27:15,0,0,0,13-111,7.5,37,279,8.3,17-23,192,471,0-0,5-9,28,,,
401868297,Miles,Alabama A&M,away,23,3,,,,0,126,0,6,3,,,5,0,15,1,0,1,32:45,0,0,0,13-119,4.2,29,121,5.3,26-39,208,329,2-4,4-13,21,,,
401896385,Alcorn State,Miles,home,56,1,7,0,3,6,36,0,1,8,1,1,8,0,33,2,9,2,29:59,0,0,0,9-75,2.5,37,94,9.3,30-34,316,410,1-1,10-15,27,,,
401896385,Miles,Alcorn State,away,7,0,,,,1,155,0,7,1,0,2,5,0,39,1,0,2,30:01,0,1,1,9-72,1.6,27,44,6.5,17-29,188,232,1-2,3-13,12,,,
401867982,South Carolina State,Savannah State,home,87,7,25,1,3,4,0,0,1,15,2,1,8,1,47,0,3,0,31:41,0,0,0,8-70,9.2,46,423,8.5,18-24,204,627,0-0,8-10,32,0,0,1
401867982,Savannah State,South Carolina State,away,0,0,,,,0,177,0,11,,0,3,2,0,45,0,0,3,28:19,1,2,3,10-75,1.9,39,75,2.3,7-18,42,117,0-2,3-15,6,,,
401868952,Grambling,Clark Atlanta,home,49,4,22,0,2,2,89,1,1,7,,,4,1,24,1,3,5,34:03,0,0,0,10-95,5.7,39,223,7.5,26-35,264,487,1-1,7-13,28,,,
401868952,Clark Atlanta,Grambling,away,7,0,35,0,2,1,78,0,5,1,0,1,7,0,41,0,4,4,25:57,0,0,0,5-38,3.1,30,94,5.2,8-25,130,224,1-2,1-13,10,,,
401868373,Furman,Anderson (SC),home,20,2,11,0,2,0,53,0,2,8,1,0,7,0,30,2,7,4,31:09,1,0,1,6-65,6.1,44,268,6.5,15-28,183,451,1-1,3-13,21,,,
401868373,Anderson (SC),Furman,away,3,0,-3,0,2,0,15,0,1,3,0,1,1.5,0,36,0,1,4,28:51,0,1,1,2-18,0.3,23,6,5.0,19-31,154,160,0-0,2-12,11,0,0,1
401869129,Northwestern State,Louisiana Tech,away,6,0,0,0,1,0,,,,6,0,2,2,0,25,0,1,1,35:08,1,0,1,6-64,1.9,45,86,2.7,5-16,43,129,0-1,4-18,7,,,
401869129,Louisiana Tech,Northwestern State,home,80,4,97,1,5,6,12,0,1,14,,,13,1,21,1,0,5,24:52,0,0,0,2-15,6.3,37,232,13.5,17-22,296,528,1-1,7-11,23,0,0,1
401856772,Tulsa,Oklahoma State,home,24,2,-1,0,1,1,20,0,1,6,2,0,3,0,38,2,10,2,28:55,1,0,1,9-102,4.1,33,134,9.5,17-24,227,361,1-1,1-11,15,0,0,2
401856772,Oklahoma State,Tulsa,away,10,0,7,0,3,1,22,0,1,4,0,2,4,0,30,0,1,2,31:05,2,2,4,6-59,3.4,37,127,4.9,29-49,241,368,2-6,5-16,27,0,0,1
401856771,Nicholls,Kansas State,away,3,0,,,,0,,,,3,1,3,1,0,47,0,0,2,26:17,0,1,1,2-26,2.4,39,92,1.6,7-19,30,122,1-1,4-16,9,,,
401856771,Kansas State,Nicholls,home,71,6,90,1,3,3,43,0,2,9,1,2,10,1,39,1,3,5,33:43,0,1,1,1-10,7.1,44,312,9.1,20-27,247,559,0-0,9-11,34,,,
401856636,Auburn,Baylor,home,17,2,2,0,1,0,,,,5,1,0,8,0,54,1,0,9,27:28,3,0,3,6-47,3.2,41,130,7.4,26-35,259,389,0-1,10-18,24,6,0,1
401856636,Baylor,Auburn,away,16,0,-3,0,1,2,,,,4,0,2,11,0,55,5,0,4,32:32,1,1,2,5-40,2.3,45,103,6.2,27-54,333,436,4-6,7-22,27,10,0,3
401856779,Southeast Missouri State,Iowa State,away,10,1,13,0,1,0,,,,4,1,4,5,0,22,1,2,4,36:52,1,2,3,7-57,1.5,45,67,6.5,17-22,142,209,2-3,5-16,14,,,
401856779,Iowa State,Southeast Missouri State,home,38,3,33,0,3,2,26,0,1,8,2,1,12,0,37,6,2,0,23:08,0,1,1,4-40,3.5,31,108,11.5,9-17,195,303,0-0,4-10,15,0,0,1
401856770,Abilene Christian,Texas Tech,away,10,0,-1,0,1,0,98,1,1,4,0,2,6,1,46,0,2,2,27:48,1,0,1,4-17,2.6,29,75,3.7,18-32,119,194,0-1,6-15,15,0,0,1
401856770,Texas Tech,Abilene Christian,home,33,2,6,0,2,1,21,0,2,15,,,6,0,28,3,5,6,32:12,1,0,1,5-60,4.4,39,173,8.8,26-34,298,471,1-1,5-12,26,15,0,1
401856769,Long Island University,Kansas,away,6,0,,,,0,,,,6,1,2,1,0,53,0,0,3,26:54,0,1,1,3-40,1.1,33,35,5.6,10-20,111,146,1-1,2-13,11,,,
401856769,Kansas,Long Island University,home,51,5,39,0,6,2,10,0,1,9,1,1,11,0,34,3,3,3,33:06,0,1,1,6-60,5.4,51,277,13.4,18-25,336,613,2-3,8-13,29,,,
401858433,Oregon,Boise State,home,34,1,1,0,1,3,21,0,2,10,0,1,5,0,18,3,8,4,28:06,0,1,1,10-90,4.8,25,119,9.9,28-38,378,497,0-3,4-12,18,,,
401858433,Boise State,Oregon,away,27,0,2,0,1,3,,,,9,1,0,6,0,35,1,3,3,31:54,0,0,0,3-25,2.6,36,93,6.2,15-29,181,274,2-3,4-15,18,,,
401860878,Wyoming,Colorado State,away,13,1,10,0,3,0,77,0,3,7,0,2,5,0,26,0,4,3,30:41,3,1,4,6-47,4.2,34,143,6.8,12-19,130,273,0-1,0-8,17,,,
401860878,Colorado State,Wyoming,home,35,0,34,0,3,5,25,0,1,5,1,0,6,0,17,2,6,3,29:19,0,0,0,4-36,4.7,33,154,7.1,24-34,242,396,2-2,7-15,18,6,0,3
401858436,USC,Fresno State,home,39,2,21,0,3,3,39,0,3,5,1,3,7,0,20,5,3,0,38:52,0,2,2,5-44,3.8,37,140,13.3,29-31,412,552,1-2,5-8,27,0,0,1
401858436,Fresno State,USC,away,0,0,,,,0,23,0,2,,2,1,5,0,39,0,0,0,21:08,1,1,2,3-10,1.3,29,39,5.1,7-15,77,116,0-1,2-10,9,,,
401864499,Fordham,North Dakota State,away,0,0,,,,0,32,0,2,,0,2,9,0,44,3,1,1,26:33,3,1,4,7-42,0.7,26,19,5.3,12-22,116,135,1-1,4-12,9,,,
401864499,North Dakota State,Fordham,home,38,2,26,0,4,2,23,0,1,8,1,0,4,1,23,3,3,2,33:27,0,0,0,4-45,3.0,43,128,9.4,21-26,245,373,3-4,7-14,22,81,1,3
401864577,Jacksonville State,North Dakota State,away,7,1,2,0,1,0,31,0,2,1,0,4,4,0,43,2,0,2,23:53,1,1,2,8-76,2.7,31,85,3.7,12-23,85,170,1-2,2-10,14,0,0,1
401864577,North Dakota State,Jacksonville State,home,33,0,,,,2,35,0,1,15,1,0,5,1,31,3,2,1,36:07,1,0,1,13-94,4.8,44,209,7.1,15-23,164,373,2-2,5-14,20,4,0,1
401858426,Iowa,Northern Illinois,home,40,2,124,1,5,2,,,,10,1,0,7,1,30,6,0,3,33:51,1,0,1,7-60,7.6,38,289,5.5,21-40,218,507,0-3,6-14,26,17,0,1
401858426,Northern Illinois,Iowa,away,0,0,,,,0,35,0,3,,0,1,4,0,42,0,0,4,26:09,1,1,2,7-61,0.2,31,7,4.7,13-24,113,120,0-0,3-15,7,0,0,1
401866411,Mississippi Valley State,Sacramento State,away,0,0,,,,0,30,0,4,0,1,2,1,0,34,0,2,5,26:52,0,1,1,11-117,3.1,34,104,2.3,9-19,43,147,0-1,2-15,6,0,0,1
401866411,Sacramento State,Mississippi Valley State,home,52,3,25,0,2,4,,,,10,1,2,7,0,30,4,4,2,33:08,1,1,2,4-35,5.0,41,203,8.6,19-29,250,453,1-1,7-14,26,,,
401866408,Eastern Michigan,Sacramento State,home,28,2,,,,2,90,0,4,4,1,1,5,0,18,2,14,7,32:28,0,1,1,4-29,2.3,30,69,7.3,27-38,279,348,0-0,5-15,21,1,0,1
401866408,Sacramento State,Eastern Michigan,away,17,1,0,0,1,0,15,0,1,5,1,1,7,1,24,2,7,3,27:32,1,1,2,10-85,2.9,17,49,4.8,25-46,219,268,1-2,3-14,13,,,
401860879,Portland State,San Diego State,away,20,1,18,0,2,1,22,0,1,8,2,1,5,0,37,1,1,1,33:25,2,1,3,12-98,3.2,30,95,5.4,31-52,280,375,3-5,7-19,21,0,0,1
401860879,San Diego State,Portland State,home,53,4,18,0,4,2,171,1,4,9,1,2,3,1,48,1,6,2,26:35,1,2,3,6-55,5.6,42,237,7.5,14-21,157,394,1-2,6-12,22,10,0,2
401856766,North Carolina,TCU,away,15,1,,,,0,24,0,1,7,1,2,6,0,41,3,2,3,26:58,0,2,2,3-20,3.1,29,90,8.3,16-28,232,322,1-1,3-11,20,,,
401856766,TCU,North Carolina,home,10,1,38,0,2,0,,,,4,2,2,4,0,28,3,0,3,33:02,0,1,1,11-90,2.7,39,106,5.5,20-32,175,281,1-5,7-16,18,,,
401856780,Coastal Carolina,West Virginia,away,24,0,,,,3,,,,6,0,3,6,0,39,1,0,1,27:04,0,2,2,10-60,1.9,27,52,10.1,21-37,373,425,1-2,2-10,22,,,
401856780,West Virginia,Coastal Carolina,home,31,3,,,,1,19,0,1,7,2,2,9,0,30,5,3,5,32:56,0,1,1,7-70,4.6,61,281,9.4,11-14,132,413,1-1,9-18,18,,,
401856667,Texas,Texas State,home,59,3,,,,4,9,0,1,11,2,0,8,1,48,2,3,3,29:34,1,0,1,4-35,4.3,36,156,10.6,26-34,360,516,2-2,11-15,26,-5,0,1
401856667,Texas State,Texas,away,7,1,,,,0,81,0,4,1,0,3,8,0,32,1,0,3,30:26,1,2,3,3-30,3.9,41,161,6.5,20-29,188,349,1-3,8-14,18,0,0,1
401860880,Idaho State,Utah State,away,29,1,,,,1,,,,17,,,6,0,30,3,3,5,26:27,0,0,0,8-71,3.0,30,89,4.6,18-33,152,241,1-1,5-15,14,70,0,4
401860880,Utah State,Idaho State,home,17,0,21,0,2,2,53,0,3,5,0,1,4,0,27,2,4,2,33:33,4,0,4,11-83,3.7,44,162,5.6,20-44,245,407,1-4,9-15,29,,,
401856664,Oklahoma,UTEP,home,51,2,115,1,2,3,24,0,1,15,2,1,10,1,28,4,1,4,30:32,0,1,1,3-30,4.4,39,170,12.2,12-19,231,401,0-0,6-11,18,,,
401856664,UTEP,Oklahoma,away,0,0,7,0,1,0,,,,0,1,2,5,0,27,1,0,1,29:28,0,2,2,4-35,2.9,38,112,4.8,10-18,86,198,1-2,2-13,10,,,
401867684,UT Martin,Chicago State,home,42,6,1,0,1,0,,,,6,0,2,9,0,30,2,5,4,29:19,1,1,2,13-110,5.7,38,216,10.0,17-26,261,477,1-1,5-9,25,,,
401867684,Chicago State,UT Martin,away,7,0,18,0,2,1,60,0,3,1,1,0,4,0,24,0,1,3,30:41,0,0,0,10-102,1.4,27,38,4.6,20-33,153,191,1-2,4-15,9,0,0,1
401868110,Montana,Southern Utah,home,28,2,0,0,1,2,21,0,1,4,0,1,7,0,42,0,1,2,16:26,1,1,2,3-32,4.1,18,73,9.4,15-28,264,337,0-0,6-11,14,0,0,1
401868110,Southern Utah,Montana,away,21,1,2,0,1,2,48,0,2,3,,,4,0,18,1,0,2,43:34,1,0,1,9-94,5.3,49,259,7.4,24-34,251,510,1-3,8-16,31,0,0,1
401868158,Weber State,Southern Utah,away,42,3,48,1,3,2,23,0,1,4,0,2,5,1,43,0,0,1,26:10,1,1,2,6-59,5.7,32,182,6.4,21-44,282,464,2-4,10-19,22,85,0,1
401868158,Southern Utah,Weber State,home,47,5,55,0,3,2,,,,5,1,0,10,0,41,2,3,10,33:50,1,0,1,5-45,7.1,52,368,8.1,10-18,146,514,1-1,5-12,26,1,0,1
401868336,Chattanooga,Tennessee Tech,home,9,0,9,0,4,0,105,0,4,9,,,5,0,33,1,1,6,24:55,2,0,2,6-55,5.4,35,190,2.3,6-16,37,227,0-1,3-13,13,2,0,1
401868336,Tennessee Tech,Chattanooga,away,24,1,1,0,1,2,,,,6,0,1,7,0,40,3,3,3,35:05,1,0,1,6-60,2.6,29,76,5.0,19-32,161,237,0-0,7-16,13,-3,0,2
401866621,Monmouth,Tennessee Tech,away,14,2,6,0,1,0,55,0,3,2,1,1,5,0,35,2,3,1,22:05,1,1,2,9-75,5.2,24,125,4.4,20-41,179,304,0-1,5-13,21,,,
401866621,Tennessee Tech,Monmouth,home,38,1,86,0,3,4,,,,8,1,1,2,0,27,0,5,10,37:55,0,1,1,8-86,2.9,37,106,8.0,24-36,289,395,1-1,7-14,24,0,0,1
401856775,BYU,Utah Tech,home,63,5,73,0,2,3,110,1,2,9,1,0,4,1,25,1,4,3,33:33,0,0,0,5-46,6.7,46,308,9.7,17-22,213,521,0-0,9-11,29,18,0,3
401856775,Utah Tech,BYU,away,7,1,,,,0,,,,1,0,1,1,0,32,1,0,3,26:27,3,1,4,2-15,2.0,25,49,4.4,15-31,135,184,1-1,5-13,11,,,
401868118,Montana State,Utah Tech,away,54,2,99,1,4,3,24,0,1,12,,,5,2,25,2,2,2,35:20,0,0,0,2-15,4.0,35,140,8.5,27-36,307,447,1-2,9-14,24,28,1,2
401868118,Utah Tech,Montana State,home,0,0,,,,0,,,,,,,3,0,41,2,1,1,24:40,2,0,2,2-20,2.2,26,58,5.1,19-33,169,227,0-3,4-13,12,,,
401868040,William & Mary,Villanova,away,35,1,,,,2,87,0,4,17,1,2,1,0,30,0,1,3,31:59,1,0,1,3-22,3.2,41,130,7.3,20-36,263,393,0-1,10-20,21,24,0,3
401868040,Villanova,William & Mary,home,32,3,15,0,3,1,22,0,2,6,0,1,12,0,41,3,5,2,28:01,3,1,4,15-107,5.2,30,157,9.0,17-30,270,427,0-1,6-12,20,36,0,1
401867989,Bucknell,Villanova,home,16,0,68,0,3,2,53,0,2,4,,,2,0,28,2,1,2,35:30,0,0,0,6-55,2.0,30,60,6.3,29-39,245,305,2-3,4-13,22,,,
401867989,Villanova,Bucknell,away,17,0,8,0,1,2,17,0,3,5,0,1,7,0,45,3,4,1,24:30,0,0,0,5-45,2.6,33,87,10.9,13-20,218,305,1-2,5-12,16,,,
401867692,Delaware State,William & Mary,away,15,2,5,0,2,0,75,0,4,1,1,3,13,0,26,7,1,0,33:27,3,3,6,11-94,5.3,33,174,4.6,21-42,192,366,1-3,2-11,26,,,
401867692,William & Mary,Delaware State,home,22,2,5,0,1,0,23,0,2,10,3,1,6,0,37,3,10,6,26:33,0,1,1,8-97,2.3,39,89,6.5,7-15,98,187,0-0,1-12,10,69,0,3
401868071,Central Arkansas,West Florida,home,14,1,4,0,1,1,0,0,1,2,0,3,3,0,34,0,0,2,27:50,1,2,3,7-82,5.8,26,150,6.4,21-31,197,347,0-2,3-10,19,,,
401868071,West Florida,Central Arkansas,away,42,2,43,0,3,3,54,0,3,6,2,1,5,1,33,3,2,3,32:10,0,0,0,9-89,3.9,40,156,10.8,17-23,248,404,2-3,6-13,20,37,1,1
401874035,Southern Illinois,West Florida,away,31,1,,,,2,,,,11,2,1,4,0,33,1,0,4,32:37,3,1,4,5-32,5.3,41,216,4.9,17-38,187,403,1-1,7-18,22,,,
401874035,West Florida,Southern Illinois,home,34,2,,,,2,91,0,6,4,1,4,11,1,46,3,7,2,27:23,0,3,3,5-48,5.7,40,226,6.4,7-17,109,335,1-1,6-12,16,140,1,3
401868074,Cal Poly,Central Washington,home,24,0,,,,3,21,0,1,6,1,0,3,0,34,3,0,5,23:54,0,0,0,6-65,5.3,34,180,7.6,15-27,204,384,0-2,5-11,19,0,0,1
401868074,Central Washington,Cal Poly,away,17,1,8,0,1,1,28,0,2,5,0,1,6,0,23,0,2,2,36:06,1,1,2,4-35,4.1,41,168,7.3,25-36,262,430,1-4,11-18,23,,,
401867924,New Haven,Stonehill,home,3,0,42,0,1,0,93,0,4,3,1,0,5,0,44,2,0,2,21:29,2,0,2,4-36,5.5,22,122,4.9,17-35,173,295,0-2,0-11,14,,,
401867924,Stonehill,New Haven,away,21,1,49,0,3,2,24,0,1,3,0,3,3,0,37,0,1,5,38:31,0,2,2,9-80,4.2,43,181,10.7,14-18,192,373,1-2,3-10,21,77,0,2
401866619,Bryant,Stonehill,away,24,3,16,0,2,0,17,0,2,6,1,1,5,0,34,2,3,3,29:34,0,0,0,4-56,4.3,44,191,5.1,10-21,108,299,1-1,5-13,19,,,
401866619,Stonehill,Bryant,home,6,0,9,0,2,0,109,0,5,6,0,1,5,0,40,1,3,3,30:26,0,1,1,4-38,3.2,32,102,6.7,19-30,202,304,0-2,5-14,17,,,
401867866,Middle Tennessee,Murray State,home,38,2,9,0,3,2,33,0,2,8,1,0,1,1,27,0,1,3,25:42,0,0,0,10-81,8.9,22,196,7.7,20-26,200,396,1-2,3-7,21,,,
401867866,Murray State,Middle Tennessee,away,14,2,,,,0,80,0,4,2,0,1,2,0,24,0,0,1,23:17,0,1,1,9-90,5.4,27,145,6.6,13-22,145,290,2-2,3-10,16,,,
401867865,Eastern Illinois,Murray State,away,28,3,46,0,3,1,,,,4,,,8.5,0,43,1,1,3,33:11,0,0,0,3-45,5.7,47,267,5.6,11-18,101,368,1-1,4-13,20,40,0,2
401867865,Murray State,Eastern Illinois,home,14,0,17,0,3,2,97,0,3,0,0,1,12,0,37,5,1,1,26:49,2,0,2,4-30,2.4,26,63,6.4,26-40,257,320,0-1,5-15,18,,,
401868049,Lamar,Abilene Christian,home,21,0,,,,3,15,0,1,3,,,3,0,24,0,2,3,31:39,0,0,0,7-67,2.8,34,95,5.7,17-32,183,278,1-2,5-15,17,13,0,2
401868049,Abilene Christian,Lamar,away,14,0,10,0,2,2,54,0,3,2,,,2,0,22,1,1,4,28:21,2,0,2,12-106,5.2,29,151,6.3,19-33,207,358,1-2,5-13,17,,,
401856669,Vanderbilt,Austin Peay,home,28,2,43,1,3,0,15,0,2,8,0,1,5,1,22,5,4,1,35:47,0,0,0,9-73,4.9,38,187,8.4,18-25,209,396,2-3,4-12,20,,,
401856669,Austin Peay,Vanderbilt,away,9,0,16,0,2,1,,,,3,,,3,0,33,0,3,1,24:13,0,0,0,3-25,2.5,25,62,5.5,12-21,116,178,2-3,1-10,11,,,
401868060,Gardner-Webb,Austin Peay,away,17,1,,,,1,57,0,3,5,0,1,10,0,36,3,3,2,23:21,1,0,1,2-5,1.6,20,32,6.4,27-49,312,344,2-5,3-13,22,0,0,1
401868060,Austin Peay,Gardner-Webb,home,35,4,1,0,1,1,33,0,2,5,,,6,0,27,2,7,3,36:39,1,0,1,6-50,3.7,47,175,14.7,14-21,308,483,3-4,4-13,22,0,0,1
401868070,UT Martin,Central Arkansas,home,24,2,,,,0,66,0,3,6,,,4,1,44,0,2,5,29:42,2,0,2,2-16,4.5,33,149,6.1,13-24,147,296,3-4,3-11,16,55,1,1
401868070,Central Arkansas,UT Martin,away,36,2,14,0,1,3,14,0,1,7,0,2,2,0,26,0,1,6,30:18,1,0,1,2-20,5.1,45,228,9.0,20-27,243,471,2-3,10-15,23,10,0,2
401868140,Jacksonville State,Eastern Kentucky,home,49,1,15,0,2,5,,,,7,,,6,1,25,1,4,2,26:33,1,0,1,5-49,5.6,31,174,11.7,23-30,352,526,1-1,9-11,26,51,1,2
401868140,Eastern Kentucky,Jacksonville State,away,7,1,,,,0,84,0,3,1,0,2,3,0,34,1,0,3,33:27,2,0,2,11-95,5.1,38,195,4.7,12-19,90,285,1-2,3-11,16,0,0,1
401868139,Western Carolina,Eastern Kentucky,home,45,3,8,0,2,3,59,0,1,9,1,0,4,0,32,3,1,5,32:15,0,0,0,8-80,4.7,40,188,9.1,27-35,320,508,0-2,8-14,28,8,0,1
401868139,Eastern Kentucky,Western Carolina,away,21,0,,,,3,39,0,2,3,0,1,7,0,39,2,4,1,27:45,1,1,2,9-74,2.2,29,65,9.0,22-34,305,370,2-3,5-13,20,,,
401868149,Samford,North Alabama,away,10,0,,,,1,65,0,3,4,0,1,10,0,40,2,0,0,27:06,1,0,1,7-32,-0.3,25,-8,7.4,19-33,245,237,0-2,5-16,10,,,
401868149,North Alabama,Samford,home,22,2,,,,1,39,0,2,2,,,13,0,28,6,4,3,32:54,0,0,0,10-78,3.5,47,165,12.1,13-19,229,394,0-2,7-16,15,0,0,1
401856635,Arkansas,North Alabama,home,31,1,28,0,2,3,,,,7,1,2,5,0,21,2,2,4,41:25,1,2,3,8-74,3.0,49,148,7.6,24-35,267,415,1-2,10-17,29,,,
401856635,North Alabama,Arkansas,away,14,2,3,0,1,0,,,,2,2,1,5,0,32,3,3,2,18:35,0,1,1,9-79,2.0,20,40,4.7,12-24,113,153,0-0,1-10,7,0,0,1
401868235,Prairie View A&M,Tarleton State,away,30,2,,,,1,89,0,5,8,,,4,0,26,0,1,4,30:33,0,0,0,9-79,5.4,35,188,7.7,28-43,331,519,1-2,7-16,26,,,
401868235,Tarleton State,Prairie View A&M,home,49,3,,,,4,89,0,4,7,,,6,0,35,1,5,7,29:27,0,0,0,3-22,6.1,38,231,10.1,20-27,274,505,0-1,7-10,26,,,
401866410,Bowling Green,Tarleton State,home,13,1,,,,0,62,0,4,7,1,2,2,0,25,1,2,2,34:53,0,2,2,7-65,2.8,37,104,8.7,24-30,262,366,1-2,6-13,21,,,
401866410,Tarleton State,Bowling Green,away,20,0,,,,2,58,0,3,8,2,1,4,0,43,0,2,2,25:07,0,1,1,7-62,7.8,33,258,8.6,16-24,206,464,2-5,1-10,19,,,
401867935,Howard,Alabama A&M,home,31,0,17,0,2,3,103,0,5,11,1,2,1,0,28,0,6,6,36:04,0,1,1,7-67,2.9,40,114,8.5,20-38,322,436,2-2,7-18,21,20,0,1
401867935,Alabama A&M,Howard,away,24,1,16,0,3,2,130,0,6,6,1,1,8,0,38,4,5,6,23:56,1,1,2,5-58,7.9,19,151,6.2,25-41,254,405,0-1,3-10,19,,,
401864432,Nevada,Western Kentucky,home,49,5,19,0,2,2,30,0,1,7,2,0,6,0,50,3,3,2,27:27,1,0,1,4-40,7.7,42,323,10.2,9-16,163,486,2-2,5-10,20,,,
401864432,Western Kentucky,Nevada,away,14,2,,,,0,22,0,2,2,0,2,3,0,29,0,0,0,32:33,0,2,2,6-59,3.9,42,164,5.1,24-40,203,367,1-2,6-17,23,8,0,1
401862699,South Florida,Florida International,home,19,1,,,,0,,,,13,1,0,5,0,38,1,4,3,30:09,0,0,0,4-30,2.8,38,108,5.6,11-18,100,208,0-0,5-13,14,25,0,2
401862699,Florida International,South Florida,away,9,0,13,0,2,1,3,0,1,3,0,2,7,0,30,1,1,2,29:51,2,1,3,8-50,3.2,25,80,6.0,31-50,301,381,3-7,5-17,19,,,
401868324,Southern,Alabama State,away,17,2,0,0,2,0,114,0,7,5,0,1,,,,,,,31:27,1,0,1,10-85,4.0,40,161,6.4,17-27,174,335,0-2,4-14,17,,,
401868324,Alabama State,Southern,home,30,2,62,0,2,1,46,0,2,12,,,,,,,,,28:33,0,0,0,8-95,4.2,38,159,8.3,14-23,192,351,1-1,2-12,19,0,0,1
401856663,Missouri,Arkansas-Pine Bluff,home,54,3,34,0,2,4,,,,10,0,1,6,0,23,1,3,1,33:58,0,1,1,5-35,4.6,45,205,10.8,26-33,357,562,2-2,6-10,33,,,
401856663,Arkansas-Pine Bluff,Missouri,away,14,1,,,,1,,,,2,1,2,6,0,39,1,0,1,26:02,0,0,0,8-71,3.1,29,89,4.5,11-24,109,198,0-1,3-13,13,,,
401868194,Tennessee State,Jackson State,home,24,2,16,0,1,1,39,0,3,6,,,2,0,36,1,2,3,33:01,0,0,0,5-41,2.7,33,89,6.5,23-41,265,354,1-2,12-19,22,,,
401868194,Jackson State,Tennessee State,away,26,1,25,0,1,1,115,0,5,14,0,2,5,0,36,1,3,5,26:59,0,0,0,7-53,4.7,38,180,8.5,17-26,222,402,1-1,6-13,22,,,
401856778,Houston,Oregon State,home,33,3,0,0,1,1,24,0,1,9,0,2,4,0,43,4,8,10,30:50,1,1,2,10-65,5.6,41,228,9.8,20-31,305,533,1-1,7-13,24,,,
401856778,Oregon State,Houston,away,20,2,,,,1,73,0,4,2,1,2,3,0,36,1,2,4,29:10,0,0,0,5-42,1.0,25,26,7.8,29-48,376,402,2-5,4-15,20,24,0,1
401858437,Washington,Washington State,home,24,2,27,0,2,1,45,0,2,6,1,1,8,0,39,3,1,5,29:16,0,0,0,12-130,4.6,29,134,7.7,24-35,268,402,0-2,4-12,20,13,0,2
401858437,Washington State,Washington,away,10,1,5,0,1,0,-2,0,1,4,0,2,2,0,38,0,4,2,30:44,2,1,3,6-50,3.2,31,100,5.7,16-25,142,242,1-1,0-9,18,,,
401868962,Nicholls,Mississippi Valley State,home,44,3,7,0,1,3,12,0,1,8,2,0,2,0,39,1,4,2,33:45,2,0,2,7-68,4.1,41,168,8.5,25-41,347,515,3-4,7-16,26,9,0,3
401868962,Mississippi Valley State,Nicholls,away,10,0,22,0,1,0,132,0,7,4,0,3,7,1,51,2,2,4,26:15,3,3,6,13-87,5.0,30,149,3.6,12-22,79,228,0-1,3-12,10,95,1,2
401869960,Liberty,James Madison,away,13,0,11,0,2,1,22,0,1,7,0,2,4,0,32,0,1,3,37:17,0,0,0,12-82,2.4,38,91,8.5,17-27,230,321,1-3,7-16,19,,,
401869960,James Madison,Liberty,home,20,1,4,0,1,1,36,0,1,8,,,3,0,41,1,2,4,22:43,0,0,0,7-77,5.6,31,173,6.6,12-18,118,291,0-0,4-10,15,,,
401858434,Penn State,Marshall,home,45,2,41,0,3,4,34,0,1,9,1,0,9,0,36,2,7,2,36:13,0,0,0,4-45,3.6,45,163,12.0,20-27,324,487,2-2,8-16,25,0,0,1
401858434,Marshall,Penn State,away,0,0,,,,0,41,0,3,0,0,2,4,0,45,1,1,3,23:47,1,1,2,4-45,1.7,26,44,3.7,19-28,103,147,0-1,1-11,11,,,
401868967,Texas Southern,Prairie View A&M,away,14,2,0,0,2,0,33,0,5,2,0,2,7,0,25,1,1,0,40:22,0,2,2,14-76,4.3,50,216,3.8,14-27,102,318,1-2,7-18,21,,,
401868967,Prairie View A&M,Texas Southern,home,52,2,26,0,3,4,110,1,2,10,2,1,11,1,35,7,3,8,17:35,0,0,0,8-91,6.2,26,160,8.5,21-28,238,398,0-1,3-9,19,,,
401867977,North Carolina Central,Texas Southern,away,30,2,19,0,1,1,27,0,2,12,1,0,3,0,30,2,4,3,33:16,1,0,1,3-25,4.9,39,190,3.9,16-34,131,321,0-0,5-14,25,0,0,1
401867977,Texas Southern,North Carolina Central,home,42,2,51,1,3,3,130,0,5,6,0,2,8,1,44,3,4,4,26:44,1,1,2,12-117,7.7,36,277,9.7,8-19,185,462,0-0,5-10,19,0,0,1
401868170,Charleston Southern,Georgia Southern,away,0,0,13,0,1,0,14,0,1,,1,1,5,0,43,1,3,3,24:04,1,1,2,4-35,0.3,31,8,3.8,9-29,109,117,1-1,5-18,10,,,
401868170,Georgia Southern,Charleston Southern,home,31,3,35,0,5,1,,,,7,1,3,13,0,28,6,6,6,35:56,0,1,1,6-65,5.4,30,162,7.5,33-47,351,513,1-2,5-13,26,0,0,1
401867973,Norfolk State,Old Dominion,away,10,1,8,0,2,0,15,0,1,4,1,2,7,0,18,2,0,0,32:19,1,2,3,7-44,3.2,40,126,4.7,14-20,94,220,0-3,4-15,12,13,0,1
401867973,Old Dominion,Norfolk State,home,31,2,33,0,4,2,81,0,3,7,2,1,11,0,24,3,2,1,27:41,1,1,2,6-65,4.3,42,182,10.5,9-13,137,319,0-1,5-9,16,1,0,1
401866627,Maine,App State,away,3,0,,,,0,19,0,1,3,1,0,5,0,50,1,2,1,26:51,2,0,2,4-30,1.9,28,52,6.2,18-32,198,250,1-2,6-15,12,,,
401866627,App State,Maine,home,55,4,21,0,3,3,,,,13,0,1,8,0,36,2,4,3,33:09,0,1,1,4-30,7.7,39,299,10.5,29-33,348,647,3-3,2-7,34,15,0,2
401866623,North Carolina A&T,Georgia State,away,10,0,,,,1,93,0,3,4,,,2,0,38,0,0,2,27:14,0,0,0,9-90,2.8,30,84,5.4,11-23,125,209,0-0,4-14,10,,,
401866623,Georgia State,North Carolina A&T,home,59,6,40,0,3,2,80,0,2,11,,,9,0,31,5,3,2,32:46,0,0,0,5-50,7.5,38,284,8.5,25-33,279,563,1-1,7-12,28,,,
401868316,SE Louisiana,South Alabama,away,14,0,-1,0,1,2,93,0,6,2,0,2,6,0,41,1,0,5,19:51,2,0,2,8-72,2.6,17,45,9.3,12-20,186,231,0-1,0-7,11,,,
401868316,South Alabama,SE Louisiana,home,39,3,,,,1,91,0,3,13,0,2,4,0,17,1,1,3,40:09,0,0,0,5-47,4.1,59,241,5.7,18-27,154,395,2-4,7-17,27,12,0,2
401869142,Lamar,Louisiana,away,7,0,1,0,1,0,100,0,5,1,0,2,5,1,46,1,1,2,26:22,3,1,4,5-30,1.9,29,56,4.8,18-31,149,205,0-2,7-13,16,40,1,3
401869142,Louisiana,Lamar,home,38,5,26,0,2,0,0,0,1,8,1,0,7,0,34,3,2,3,33:38,3,0,3,6-48,5.9,41,243,8.6,19-27,231,474,1-2,3-8,25,0,0,3
401862695,Memphis,Arkansas State,home,42,4,,,,2,27,0,2,6,,,5,0,31,3,4,1,29:27,2,0,2,4-45,7.0,48,335,12.5,12-15,188,523,0-0,5-9,24,37,0,4
401862695,Arkansas State,Memphis,away,24,2,7,0,2,1,,,,6,,,4,0,36,1,2,0,30:33,4,0,4,5-37,3.8,29,109,10.8,21-30,325,434,0-0,5-10,22,17,0,2
401856662,Mississippi State,UL Monroe,home,62,4,,,,4,,,,14,,,6,0,22,2,2,4,28:13,0,0,0,8-78,9.3,37,345,9.9,27-42,417,762,1-1,5-11,35,,,
401856662,UL Monroe,Mississippi State,away,13,0,,,,1,,,,7,0,1,1,0,21,0,0,7,31:47,0,0,0,5-55,3.5,40,138,5.0,16-28,140,278,2-3,3-16,14,,,
401868356,Alcorn State,Southern Miss,away,3,0,,,,0,77,0,4,3,0,1,0,0,27,0,0,5,28:39,4,1,5,7-69,3.0,35,104,5.2,15-23,119,223,0-0,5-14,11,32,0,1
401868356,Southern Miss,Alcorn State,home,49,6,22,0,2,1,27,0,1,7,1,2,6,0,17,1,7,2,31:21,1,0,1,4-25,5.6,57,317,8.4,15-27,226,543,2-2,5-12,32,3,0,4
401870763,Sam Houston,Troy,away,21,0,11,0,2,3,15,0,2,3,,,8,0,28,4,5,6,30:51,1,0,1,6-35,1.6,24,38,7.3,30-46,335,373,0-1,6-14,22,,,
401870763,Troy,Sam Houston,home,24,0,,,,3,44,0,2,6,0,1,13,0,34,4,8,2,29:09,0,0,0,6-55,4.2,42,177,6.9,12-24,165,342,0-0,6-15,18,18,0,1
401858423,Rutgers,Massachusetts,home,21,0,24,0,2,3,,,,3,0,1,4,0,31,1,0,1,23:39,3,1,4,7-34,1.2,25,30,8.4,22-38,319,349,4-5,3-11,18,,,
401858423,Massachusetts,Rutgers,away,37,1,,,,3,8,0,1,13,1,1,7,0,26,5,0,6,36:21,0,0,0,8-57,4.9,41,200,9.0,19-22,197,397,1-1,4-11,21,12,0,3
401864424,Merrimack,Delaware,away,7,1,,,,0,101,0,5,1,0,1,2,0,19,1,5,5,31:49,1,1,2,7-55,1.9,25,48,4.4,21-45,196,244,1-3,4-16,13,0,0,1
401864424,Delaware,Merrimack,home,42,3,13,0,3,3,34,0,2,6,1,2,5,0,21,3,7,9,27:18,1,0,1,3-30,3.9,29,112,9.9,24-44,435,547,1-1,6-13,27,0,0,1
401856668,Texas A&M,Missouri State,home,50,3,38,0,4,3,17,0,1,12,3,2,6,0,14,1,2,3,43:03,0,1,1,8-75,5.0,47,236,7.1,25-38,269,505,2-2,7-14,35,,,
401856668,Missouri State,Texas A&M,away,0,0,-6,0,1,0,36,0,2,,1,3,4,0,43,2,0,5,16:57,0,3,3,8-41,1.6,23,37,1.8,8-17,30,67,1-2,1-10,4,,,
401868245,UT Permian Basin,UT Rio Grande Valley,away,0,0,,,,0,38,0,3,0,1,1,3,0,42,0,3,3,21:17,3,0,3,2-20,1.1,12,13,4.2,15-36,152,165,0-0,2-12,9,,,
401868245,UT Rio Grande Valley,UT Permian Basin,home,44,3,-3,0,2,2,28,0,1,14,0,3,4,0,22,2,6,7,38:43,0,2,2,4-30,5.8,47,271,11.5,23-35,404,675,1-1,7-15,29,0,0,3
401862700,UTSA,UT Rio Grande Valley,home,45,2,10,0,2,3,37,0,2,9,,,3,1,37,1,9,8,25:11,0,0,0,11-115,8.6,29,250,9.5,22-29,275,525,0-1,3-9,23,49,1,2
401862700,UT Rio Grande Valley,UTSA,away,16,1,,,,0,59,0,3,10,0,2,3,0,31,0,2,4,34:49,2,0,2,13-105,5.2,34,177,5.2,26-47,245,422,1-3,7-18,22,,,
401867988,Bucknell,Richmond,away,14,0,8,0,1,2,,,,2,1,1,4,0,43,0,1,4,28:54,0,1,1,3-25,1.1,29,32,5.2,16-30,155,187,1-1,3-15,12,,,
401867988,Richmond,Bucknell,home,35,2,41,0,2,3,,,,5,1,1,6,0,39,4,3,4,31:06,0,1,1,10-110,5.7,34,194,7.1,17-28,199,393,0-0,3-12,17,,,
401869127,Howard,Richmond,home,21,1,17,0,4,1,44,0,2,3,1,1,7,1,32,4,6,5,27:30,1,1,2,8-75,3.7,35,131,3.9,9-28,109,240,2-2,4-16,14,,,
401869127,Richmond,Howard,away,28,1,,,,3,38,0,3,2,1,3,6,0,28,4,7,5,32:30,0,1,1,6-54,1.2,32,39,7.5,19-35,261,300,0-0,8-16,17,39,0,1
401868261,Marist,New Haven,away,21,1,18,1,3,0,55,0,3,3,,,8,2,52,1,2,6,24:12,0,0,0,1-5,3.3,27,90,3.7,9-19,70,160,0-2,4-13,6,25,1,1
401868261,New Haven,Marist,home,22,0,16,0,3,2,75,0,4,10,,,7,0,27,2,3,1,35:48,1,0,1,6-69,2.9,37,107,8.2,22-38,311,418,1-1,8-18,19,,,
401868000,Holy Cross,Colgate,away,10,1,6,0,1,0,86,0,5,4,,,3,0,35,1,0,4,33:29,3,0,3,2-15,1.9,35,66,7.5,19-35,264,330,0-1,6-12,19,0,0,1
401868000,Colgate,Holy Cross,home,35,1,26,0,2,4,25,0,1,5,,,12,0,40,1,4,5,26:31,1,0,1,7-60,4.3,35,152,13.2,14-22,290,442,2-3,5-12,18,14,0,3
401868007,Fordham,Colgate,home,14,0,,,,1,67,0,3,2,1,1,4,1,30,2,7,2,22:18,0,0,0,2-14,3.5,21,73,4.3,13-27,116,189,1-3,2-12,11,23,1,2
401868007,Colgate,Fordham,away,24,3,33,0,2,0,11,0,1,6,0,1,1,0,20,0,1,7,37:42,2,1,3,5-60,6.0,46,275,5.5,19-29,159,434,0-0,8-13,25,,,
401868022,Lehigh,Holy Cross,away,35,4,8,0,3,1,13,0,2,5,1,0,2,0,36,0,0,7,31:32,0,0,0,7-50,7.0,40,281,6.5,9-18,117,398,1-2,4-10,18,28,0,2
401868022,Holy Cross,Lehigh,home,10,0,1,0,2,1,48,0,3,4,0,1,1,0,33,0,1,3,28:28,2,1,3,6-70,3.5,22,78,7.8,25-40,313,391,1-2,2-9,21,,,
401861962,UConn,Lafayette,home,56,5,46,0,4,3,35,0,1,8,0,1,4,0,36,2,6,7,31:42,2,0,2,11-134,7.5,40,301,11.2,25-33,370,671,2-3,6-12,29,,,
401861962,Lafayette,UConn,away,7,1,,,,0,35,0,3,1,,,4,0,45,0,2,1,28:18,0,0,0,4-30,2.1,30,64,3.5,21-42,145,209,0-1,6-18,19,6,0,2
401868017,Georgetown,Lehigh,home,14,0,,,,1,37,0,4,2,3,2,2,1,48,0,3,0,19:41,1,0,1,5-65,3.7,31,115,5.0,12-25,124,239,1-2,3-12,12,,,
401868017,Lehigh,Georgetown,away,45,4,47,0,2,2,15,0,1,9,0,4,8,0,31,3,6,5,40:19,0,3,3,4-25,5.6,54,302,14.3,16-19,271,573,2-2,7-11,29,0,0,1
401868254,Drake,South Dakota Mines,home,35,0,36,1,2,3,67,0,3,9,1,2,5,1,36,2,3,2,24:05,1,1,2,8-60,1.4,17,24,9.6,38-56,535,559,3-5,3-13,26,,,
401868254,South Dakota Mines,Drake,away,38,2,23,0,1,3,74,0,4,8,1,2,5,0,40,2,5,7,35:55,0,1,1,5-40,4.3,51,221,9.9,19-31,306,527,0-0,11-17,29,11,0,1
401867978,North Carolina Central,Elizabeth City State,home,27,1,24,0,2,2,48,0,2,9,1,1,6,0,26,3,2,1,30:43,1,1,2,9-90,3.9,43,166,8.9,12-18,160,326,1-2,5-11,20,0,0,1
401867978,Elizabeth City State,North Carolina Central,away,6,1,,,,0,94,0,5,0,1,1,8,0,39,3,1,2,29:17,1,1,2,12-104,1.2,32,39,4.8,10-22,106,145,0-1,5-14,13,27,0,1
401867972,Norfolk State,Winston-Salem State,home,56,5,68,0,4,3,,,,8,2,0,8,0,31,3,3,4,37:10,0,0,0,9-115,7.1,43,306,5.8,17-26,151,457,0-0,7-9,29,15,0,1
401867972,Winston-Salem State,Norfolk State,away,0,0,,,,0,83,0,6,,0,3,2,0,48,0,1,1,22:50,1,2,3,7-69,0.8,22,18,3.7,14-24,88,106,0-0,1-11,10,,,
401896383,Morehead State,Ohio Dominican,home,40,1,53,0,5,4,40,0,3,8,1,2,4.5,0,35,3,6,6,32:17,3,1,4,3-37,4.3,29,126,8.1,30-57,463,589,0-2,4-12,29,,,
401896383,Ohio Dominican,Morehead State,away,42,2,,,,4,69,0,5,4,1,3,7,0,43,1,2,11,27:43,0,1,1,6-60,5.9,39,229,5.8,23-48,277,506,2-2,8-21,23,29,0,3
401868262,Marist,Franklin Pierce,home,27,3,-1,0,1,1,19,0,2,3,1,1,5,0,37,2,3,2,30:41,2,0,2,8-72,5.1,35,179,8.1,16-25,203,382,1-1,7-10,20,,,
401868262,Franklin Pierce,Marist,away,18,0,,,,2,71,0,3,6,0,3,2,0,25,0,2,2,29:19,0,1,1,2-15,3.9,34,132,4.6,18-30,138,270,2-3,7-15,20,17,0,2
401856767,UCF,Bethune-Cookman,home,73,7,113,0,6,2,57,0,1,13,1,0,9,1,32,3,3,2,28:05,1,0,1,6-55,9.5,38,360,9.1,15-22,200,560,0-0,5-8,26,47,1,1
401856767,Bethune-Cookman,UCF,away,6,0,,,,1,46,0,3,,0,2,2,0,33,1,2,0,31:55,1,1,2,11-58,2.7,40,107,3.7,10-20,74,181,0-0,3-16,9,33,0,1
401868119,Montana State,Butler,home,51,3,77,0,3,3,113,1,2,9,,,5,1,39,1,1,3,24:53,1,0,1,3-30,5.5,30,166,12.3,20-27,332,498,0-1,4-6,25,,,
401868119,Butler,Montana State,away,24,2,,,,1,17,0,1,6,0,1,0,0,38,0,1,2,35:07,0,0,0,3-24,2.3,36,83,7.6,19-25,190,273,0-0,7-15,16,14,0,1
401868154,Portland State,UC Davis,home,24,2,93,1,3,0,54,0,3,6,0,3,1,1,38,1,3,5,33:56,1,0,1,5-36,2.4,37,89,7.4,23-36,268,357,3-5,5-16,19,0,0,1
401868154,UC Davis,Portland State,away,31,2,,,,2,116,0,4,3,,,7,0,46,2,1,2,26:04,1,0,1,5-49,3.3,26,87,7.4,22-39,287,374,0-0,5-13,21,0,0,1
401868163,San Diego,UC Davis,home,17,1,5,0,2,1,49,0,3,5,1,2,2,0,49,0,2,0,30:13,2,2,4,3-39,4.2,35,146,5.7,17-32,182,328,0-1,3-13,16,0,0,1
401868163,UC Davis,San Diego,away,49,2,22,0,3,5,13,0,2,7,2,1,4,0,53,1,3,8,29:47,1,1,2,6-46,6.8,34,231,9.3,24-33,306,537,0-1,7-12,25,9,0,2
401856777,Boston College,Cincinnati,away,15,1,4,0,2,1,18,0,2,1,0,3,4,0,35,1,0,0,31:19,1,1,2,7-37,4.3,38,165,6.4,18-35,223,388,1-4,4-13,24,,,
401856777,Cincinnati,Boston College,home,34,3,12,0,2,1,,,,10,1,3,8,0,37,4,6,5,28:41,0,0,0,7-69,5.5,46,254,5.7,11-15,85,339,1-1,5-12,17,0,0,1
401867845,Western Illinois,Illinois State,home,10,1,2,0,1,0,15,0,1,4,,,7,0,38,3,7,2,25:49,1,0,1,10-76,2.3,23,52,6.6,23-40,263,315,2-4,4-15,15,0,0,1
401867845,Illinois State,Western Illinois,away,41,3,43,0,4,2,23,0,1,11,,,3,0,26,0,1,7,34:11,1,0,1,6-55,5.1,47,239,7.3,16-35,257,496,1-1,11-16,29,19,0,1
401867874,North Dakota,Long Island University,home,42,3,15,0,4,3,68,0,3,4,1,1,7,0,30,3,7,4,31:47,1,0,1,4-40,3.7,46,168,11.0,20-27,297,465,1-2,10-16,25,0,0,1
401867874,Long Island University,North Dakota,away,21,2,5,0,1,1,33,0,2,3,0,1,4,0,59,3,3,1,28:13,1,1,2,10-103,2.2,32,71,7.4,15-25,184,255,1-1,5-14,13,0,0,1
401868085,Eastern Washington,Northern Iowa,home,34,3,4,0,1,2,57,0,3,4,,,7,0,31,5,5,4,29:19,0,0,0,10-107,3.5,40,138,7.8,24-33,257,395,2-2,8-13,27,0,0,1
401868085,Northern Iowa,Eastern Washington,away,24,3,8,0,1,0,37,0,2,6,,,5,0,41,1,3,2,30:41,1,0,1,6-60,1.8,35,63,10.3,20-28,287,350,0-1,5-10,23,,,
401867889,Samford,Southern Illinois,home,18,0,22,0,3,2,19,0,1,4,0,1,7,0,31,2,5,0,27:26,1,0,1,5-32,2.6,27,70,5.6,21-36,202,272,0-0,7-16,15,,,
401867889,Southern Illinois,Samford,away,22,1,0,0,1,2,72,0,3,2,0,1,10,0,33,3,3,4,32:34,0,0,0,3-25,4.2,43,181,5.3,13-29,153,334,1-1,7-17,18,4,0,1
401867928,Southern Connecticut State,Wagner,away,7,1,0,0,1,0,44,0,2,1,1,3,11,0,36,2,2,1,26:26,0,1,1,5-26,1.0,29,28,5.6,13-21,118,146,0-0,2-12,10,,,
401867928,Wagner,Southern Connecticut State,home,31,1,8,0,3,3,22,0,1,7,1,1,10,0,29,4,0,0,33:34,0,1,1,7-75,3.2,44,142,8.1,23-33,267,409,2-4,6-15,22,,,
401867916,Robert Morris,Wagner,away,28,0,40,1,5,3,40,0,2,4,1,1,12,1,21,6,1,6,33:49,2,0,2,6-45,2.5,32,79,6.4,19-32,206,285,1-2,6-18,13,,,
401867916,Wagner,Robert Morris,home,7,0,12,0,1,0,41,0,1,1,0,1,5,1,31,0,2,3,26:11,0,1,1,6-30,0.8,26,22,2.4,14-31,75,97,1-1,1-16,6,40,1,2
401856659,Kentucky,Youngstown State,home,45,2,29,0,4,4,19,0,1,9,1,1,5,0,29,2,5,4,29:52,0,0,0,6-70,6.0,34,205,11.1,18-27,301,506,1-1,3-8,24,,,
401856659,Youngstown State,Kentucky,away,13,1,1,0,1,1,,,,1,0,2,2,0,25,0,1,5,30:08,0,1,1,4-28,2.1,28,59,6.5,24-38,246,305,0-2,8-15,20,,,
401867894,Mercyhurst,Youngstown State,away,10,0,1,0,2,1,60,0,4,4,0,2,3,0,38,3,0,2,27:26,2,0,2,6-45,1.5,20,29,6.8,18-31,212,241,0-1,3-9,16,1,0,1
401867894,Youngstown State,Mercyhurst,home,43,3,19,0,1,3,47,0,3,5,,,8,0,21,1,2,6,32:34,1,0,1,9-79,7.0,36,252,7.7,20-30,232,484,1-1,9-13,27,16,0,2
401866615,Stony Brook,Delaware State,away,34,2,4,0,1,3,51,0,2,4,0,1,9,0,41,2,2,3,27:56,1,1,2,4-35,3.8,35,133,7.9,22-41,323,456,2-4,6-13,25,,,
401866615,Delaware State,Stony Brook,home,41,4,-1,0,1,1,126,0,5,11,1,1,4,0,44,1,0,6,32:04,0,0,0,7-68,6.2,41,255,8.6,18-30,259,514,0-1,9-17,20,4,0,1
401856774,Arizona State,Morgan State,home,70,4,7,0,1,6,18,0,1,10,0,2,2,0,25,2,5,4,29:48,0,1,1,4-22,7.1,35,249,12.0,26-36,432,681,4-5,5-10,32,,,
401856774,Morgan State,Arizona State,away,7,1,,,,0,70,0,4,1,1,0,3,0,45,2,1,3,30:12,0,0,0,5-37,4.1,25,102,3.6,11-24,86,188,0-1,3-12,11,,,
401866618,North Carolina A&T,Morgan State,home,7,1,14,0,3,0,75,0,4,1,,,4,0,26,0,2,3,35:41,0,0,0,9-69,2.5,35,88,7.3,20-33,240,328,0-1,8-15,19,0,0,1
401866618,Morgan State,North Carolina A&T,away,17,1,28,0,1,1,23,0,2,5,0,1,5,0,39,2,2,5,24:19,1,0,1,8-64,5.0,22,109,8.8,13-19,167,276,1-2,1-7,12,,,
401867939,Florida A&M,South Carolina State,home,13,0,3,0,2,0,,,,7,1,3,1,1,30,0,3,1,29:47,0,1,1,9-73,0.0,30,-1,5.4,13-30,162,161,0-1,4-17,10,89,1,2
401867939,South Carolina State,Florida A&M,away,31,4,4,0,1,0,83,0,2,7,1,1,15,0,26,5,2,2,30:13,2,1,3,13-112,7.7,38,292,9.4,12-20,187,479,0-1,1-8,19,,,
401867875,St. Thomas (MN),North Dakota,away,26,1,,,,1,91,0,3,8,1,1,2,1,49,0,1,1,29:10,1,0,1,8-65,2.0,27,54,7.2,17-33,239,293,0-1,5-14,14,76,1,2
401867875,North Dakota,St. Thomas (MN),home,62,3,0,0,1,5,134,0,4,8,0,1,5,1,30,1,14,2,30:50,2,1,3,4-45,6.9,43,295,7.8,23-30,233,528,3-3,5-9,27,34,1,1
401867882,Central Connecticut,South Dakota,away,20,1,5,0,1,1,135,0,8,8,1,1,2,0,25,0,1,1,32:36,0,0,0,2-16,4.1,33,135,3.7,16-31,115,250,0-0,4-14,15,,,
401867882,South Dakota,Central Connecticut,home,59,2,-2,0,1,6,45,0,2,11,0,2,4,0,37,1,4,6,27:24,0,1,1,3-20,8.1,33,267,13.6,18-24,327,594,1-1,3-7,25,,,
401867883,Northern Colorado,South Dakota,home,23,1,17,0,1,2,,,,5,,,5,0,37,1,3,3,35:44,0,0,0,6-60,3.3,34,111,7.0,24-38,266,377,0-2,9-17,22,,,
401867883,South Dakota,Northern Colorado,away,38,3,5,0,1,2,26,0,1,8,0,2,7,0,51,2,0,7,24:16,0,0,0,6-56,6.3,34,214,8.1,14-22,178,392,0-0,3-8,22,,,
401858431,Northwestern,South Dakota State,home,34,3,5,0,1,1,31,0,2,10,,,3,0,43,2,3,13,25:52,0,0,0,9-61,7.2,31,224,11.4,14-24,273,497,0-0,5-12,19,4,0,1
401858431,South Dakota State,Northwestern,away,18,1,,,,0,49,0,2,12,,,3,0,29,2,1,4,34:08,1,0,1,6-45,3.7,40,147,5.9,23-48,285,432,3-3,8-20,27,,,
401872615,Stetson,South Dakota State,away,7,1,,,,0,42,0,3,1,0,2,0,0,28,0,1,2,30:34,0,2,2,2-10,3.2,34,108,4.9,21-32,157,265,0-2,4-14,15,,,
401872615,South Dakota State,Stetson,home,70,7,65,1,1,2,54,0,2,10,2,1,7,1,34,3,0,6,29:26,0,0,0,5-39,8.7,45,393,21.4,6-11,235,628,0-0,5-8,25,,,
401864496,Air Force,Duquesne,home,34,4,0,0,1,0,,,,10,,,2,0,18,1,4,4,40:50,0,0,0,8-60,6.1,71,431,2.7,3-7,19,450,2-2,9-15,28,26,0,2
401864496,Duquesne,Air Force,away,0,0,,,,0,,,,,,,1,0,51,0,0,2,19:10,2,0,2,4-20,2.6,21,54,2.4,9-22,53,107,0-0,3-11,8,,,
401858424,Illinois,UAB,home,42,2,65,0,1,3,31,0,1,6,,,6,1,52,1,6,4,18:57,0,0,0,1-4,5.8,26,150,10.7,13-17,182,332,1-2,3-6,17,59,1,1
401858424,UAB,Illinois,away,23,1,19,0,1,1,,,,11,,,2,0,28,0,2,0,41:03,1,0,1,9-69,4.0,48,194,7.1,18-31,219,413,3-4,10-19,24,,,
401856637,Florida,Florida Atlantic,home,66,5,,,,4,,,,12,1,0,6,0,45,2,10,7,31:36,1,0,1,3-32,6.9,41,281,13.2,20-26,343,624,2-2,5-9,30,2,0,2
401856637,Florida Atlantic,Florida,away,21,2,,,,1,21,0,1,3,0,2,4,0,41,1,0,2,28:24,2,1,3,9-88,3.2,37,120,5.2,34-53,276,396,4-7,11-22,25,-3,0,1
401862694,The Citadel,Charlotte,away,43,6,54,0,3,0,,,,5,,,4,0,32,1,1,3,29:45,0,0,0,2-10,5.4,50,268,10.2,9-13,132,400,1-1,8-15,16,27,0,2
401862694,Charlotte,The Citadel,home,41,3,9,0,3,3,36,0,2,5,,,7,0,41,2,2,0,30:15,2,0,2,6-35,6.5,33,216,7.9,28-41,322,538,1-2,11-17,21,,,
401858425,Indiana,North Texas,home,52,3,36,0,1,4,139,0,5,10,,,7,0,37,1,4,1,22:38,0,0,0,5-48,4.5,30,134,14.4,13-16,231,365,2-2,5-9,18,31,0,1
401858425,North Texas,Indiana,away,16,1,,,,0,16,0,1,10,,,2,0,26,0,0,0,37:22,1,0,1,9-79,4.0,38,152,7.4,23-29,215,367,1-3,6-15,19,,,
401862697,Houston Christian,Rice,away,3,0,,,,0,58,0,4,3,0,2,3,0,31,0,1,0,20:28,1,0,1,3-25,4.2,35,148,4.2,8-23,96,244,0-4,4-13,13,,,
401862697,Rice,Houston Christian,home,31,4,,,,0,25,0,2,7,0,1,7,0,25,3,1,3,39:32,0,0,0,3-30,6.6,70,465,2.8,4-10,28,493,1-3,11-17,27,34,0,1
401870790,Mercyhurst,New Mexico State,away,14,1,,,,1,83,0,3,2,0,1,2,0,22,1,0,3,30:46,2,0,2,6-54,2.6,27,70,5.4,16-31,167,237,0-1,5-13,14,,,
401870790,New Mexico State,Mercyhurst,home,51,3,1,0,2,2,56,0,1,9,,,4,1,25,2,2,5,29:14,0,0,0,9-72,5.6,42,235,12.8,14-23,295,530,1-2,7-13,20,4,0,1
401864570,Florida State,New Mexico State,home,34,3,,,,1,95,0,4,10,,,4,0,29,3,1,6,31:32,1,0,1,7-65,5.6,39,217,7.5,17-27,202,419,1-1,8-14,20,0,0,1
401864570,New Mexico State,Florida State,away,17,0,,,,2,16,0,1,5,,,3,0,32,1,5,2,28:28,1,0,1,8-68,2.0,23,47,6.3,26-43,272,319,1-2,10-17,18,0,0,1
401874042,Mercer,East Texas A&M,home,23,0,,,,1,8,0,1,11,,,5,1,28,1,2,2,29:46,0,0,0,5-29,4.9,36,175,6.3,15-28,177,352,1-1,3-15,16,73,1,3
401874042,East Texas A&M,Mercer,away,15,1,,,,1,19,0,1,1,,,4,0,38,1,2,4,30:14,3,0,3,7-45,3.9,39,151,7.5,15-31,232,383,1-3,5-17,15,,,
401868306,Stephen F. Austin,East Texas A&M,home,44,4,11,0,2,1,,,,14,1,1,5,0,24,5,3,5,39:28,0,1,1,6-56,5.6,46,256,5.7,22-31,178,434,2-3,8-17,25,54,0,3
401868306,East Texas A&M,Stephen F. Austin,away,7,0,,,,1,25,0,2,1,1,1,3,0,34,1,2,2,20:32,3,1,4,8-55,2.5,22,56,5.5,13-24,131,187,0-1,2-9,12,,,
401868273,Presbyterian,UVA Wise,home,47,3,8,0,3,3,91,0,4,11,2,2,4,0,31,3,1,5,34:03,1,2,3,10-80,3.6,45,164,8.5,34-48,407,571,1-1,9-16,31,18,0,1
401868273,UVA Wise,Presbyterian,away,37,2,,,,3,105,0,5,7,2,3,9,0,44,3,1,4,25:57,1,2,3,9-81,4.5,30,134,8.0,20-42,338,472,0-1,9-16,19,3,0,1
401868345,Tusculum,East Tennessee State,away,14,2,-1,0,1,0,40,0,3,2,0,1,4,0,28,1,0,2,36:45,0,0,0,8-65,4.3,49,212,7.3,7-15,109,321,2-3,4-15,14,0,0,1
401868345,East Tennessee State,Tusculum,home,48,4,74,0,4,3,135,0,3,6,0,1,6,0,28,1,3,2,23:15,1,0,1,4-33,6.6,34,225,11.3,15-23,259,484,0-1,8-11,21,,,
401866620,Campbell,East Tennessee State,away,49,5,35,0,1,2,18,0,2,7,2,0,1,0,41,0,0,3,32:53,0,0,0,10-93,5.5,31,171,8.2,29-42,343,514,3-4,6-13,24,,,
401866620,East Tennessee State,Campbell,home,37,3,,,,2,65,0,3,7,0,4,1,0,35,0,6,5,27:07,0,2,2,7-61,4.7,33,155,9.1,33-41,373,528,1-2,5-12,27,,,
401868274,Presbyterian,Mercer,away,3,0,,,,0,44,0,2,3,0,2,1,0,25,1,0,1,31:51,0,1,1,2-15,2.7,39,105,6.2,21-35,216,321,0-1,4-16,19,,,
401868274,Mercer,Presbyterian,home,62,4,59,0,2,5,47,0,2,8,1,0,5,0,24,3,1,5,23:43,0,0,0,7-58,10.0,33,329,13.6,15-20,271,600,1-1,6-9,24,,,
401858211,Virginia Tech,VMI,home,73,6,120,1,7,3,27,0,1,13,0,2,18,1,25,5,2,1,28:33,0,2,2,11-93,6.7,40,268,11.0,27-32,351,619,1-2,3-8,30,0,0,1
401858211,VMI,Virginia Tech,away,3,0,,,,0,,,,3,2,2,1,0,29,0,0,0,31:27,1,0,1,7-45,-0.1,43,-4,6.7,5-13,87,83,0-0,2-17,6,,,
401868101,Idaho State,VMI,home,38,0,107,1,9,4,,,,8,1,0,8.5,1,29,2,2,2,25:01,2,0,2,4-41,3.5,25,88,9.4,23-39,366,454,1-1,3-12,18,,,
401868101,VMI,Idaho State,away,10,1,,,,0,,,,4,0,3,3,0,38,0,1,4,34:59,0,1,1,3-20,4.4,52,229,1.2,5-9,11,240,0-2,3-16,10,11,0,2
401868315,SE Louisiana,Houston Christian,home,28,2,9,0,2,2,88,0,4,4,0,6,4,0,21,0,0,4,35:32,1,2,3,4-34,4.9,51,248,5.6,17-27,150,398,4-5,7-16,23,0,0,1
401868315,Houston Christian,SE Louisiana,away,34,2,5,0,1,2,14,0,2,10,2,1,8,0,39,1,1,4,24:28,1,0,1,6-60,3.9,41,161,10.5,11-19,200,361,0-0,8-14,17,0,0,1
401913104,Oklahoma Panhandle,Incarnate Word,away,14,0,,,,2,19,0,1,2,1,1,2,0,30,1,0,2,32:46,0,1,1,6-50,-0.6,26,-15,6.4,17-27,172,157,0-0,5-16,7,0,0,1
401913104,Incarnate Word,Oklahoma Panhandle,home,76,3,159,2,6,5,128,0,3,10,1,2,10,3,23,4,1,2,27:14,1,1,2,5-65,6.9,38,261,16.4,9-13,213,474,1-1,4-6,19,,,
401896384,Davidson,Concord,home,35,1,4,1,2,3,110,0,4,5,0,2,3,1,25,0,2,5,36:25,1,1,2,6-41,3.0,33,100,4.4,30-55,243,343,5-6,7-18,26,,,
401896384,Concord,Davidson,away,41,3,-1,0,1,1,120,0,6,9,1,1,7,1,40,3,9,2,23:35,0,0,0,10-92,8.3,29,242,6.6,17-34,225,467,1-2,5-13,17,33,1,1
401868792,Dayton,Fairmont State,home,43,3,13,0,3,2,52,0,2,11,,,7,0,33,3,2,3,31:43,1,0,1,6-57,6.1,41,251,6.2,16-30,186,437,1-3,3-11,23,88,0,4
401868792,Fairmont State,Dayton,away,20,1,,,,2,43,0,3,2,,,5,0,35,1,0,5,28:17,4,0,4,6-64,4.9,37,180,5.7,13-29,164,344,1-2,2-14,17,0,0,1
401866614,Elon,Glenville State,home,42,3,24,0,6,3,18,0,1,6,0,10,3,0,26,1,12,4,38:40,0,1,1,9-69,3.4,50,168,10.3,17-27,278,446,1-1,6-14,27,,,
401866614,Glenville State,Elon,away,7,0,10,0,1,1,41,0,2,1,1,0,5,0,45,1,1,2,21:20,0,0,0,9-65,2.7,19,51,2.1,13-35,74,125,0-0,2-14,9,,,
401867917,Robert Morris,West Virginia State,home,29,1,7,0,5,3,46,0,2,3,0,1,2,0,32,2,7,3,33:27,0,0,0,6-45,4.8,37,176,9.3,15-27,251,427,2-2,5-14,20,0,0,1
401867917,West Virginia State,Robert Morris,away,9,0,10,0,2,1,65,0,3,3,0,1,4,0,36,0,3,5,26:33,1,0,1,6-54,4.9,33,162,4.5,10-33,148,310,4-5,2-15,17,,,
401862701,Bryant,Army,away,3,0,7,0,1,0,124,0,7,3,0,1,0,0,34,0,2,0,27:02,0,0,0,5-36,2.2,30,67,4.3,11-23,98,165,0-1,3-14,9,,,
401862701,Army,Bryant,home,59,8,80,0,4,0,28,0,1,11,,,6,0,25,2,0,4,32:58,0,0,0,2-25,10.0,57,569,6.1,7-13,79,648,1-1,6-9,31,,,
401858201,Hawai'i,Stanford,away,27,2,14,0,2,2,,,,1,0,2,4,0,40,0,3,2,29:06,0,1,1,7-31,2.1,22,46,5.3,31-52,276,322,2-2,8-19,19,,,
401858201,Stanford,Hawai'i,home,37,3,8,0,4,1,104,0,5,5,1,0,7,1,40,2,3,5,30:54,0,0,0,8-59,4.7,37,173,9.1,22-34,310,483,1-2,7-16,21,,,
401858206,Miami,Stanford,away,45,1,-2,0,1,5,45,0,2,9,0,1,2,0,32,1,5,5,36:34,1,1,2,5-50,3.8,32,121,12.2,30-35,428,549,0-0,8-11,27,,,
401858206,Stanford,Miami,home,6,0,,,,0,54,0,3,6,,,2,0,33,0,2,0,23:26,0,0,0,9-70,3.4,23,78,5.3,22-42,221,299,0-2,5-15,17,0,0,1
401858210,UCLA,California,away,45,6,12,0,1,0,56,0,2,9,1,1,6,0,37,2,3,7,25:11,1,0,1,12-110,8.7,32,277,8.4,14-22,184,461,0-0,6-11,20,19,0,2
401858210,California,UCLA,home,24,1,3,0,1,2,38,0,2,6,0,2,2,0,29,2,2,5,34:49,2,1,3,6-59,3.0,40,119,6.2,26-47,291,410,0-3,11-21,23,0,0,1
401858212,Florida State,SMU,home,24,2,11,0,1,1,29,0,1,6,0,1,4,0,33,0,4,2,32:16,0,1,1,3-27,4.4,45,199,5.4,12-23,125,324,2-4,2-15,16,3,0,2
401858212,SMU,Florida State,away,27,0,7,0,3,3,25,0,1,9,0,2,8,0,29,3,4,3,27:44,2,2,4,6-47,5.0,31,155,11.9,26-36,430,585,0-0,8-14,23,,,
401856773,Northern Arizona,Arizona,away,7,0,,,,0,46,0,1,1,2,1,2,1,39,2,1,0,27:48,1,0,1,5-32,-0.3,21,-7,6.5,19-31,200,193,0-3,4-14,8,36,1,1
401856773,Arizona,Northern Arizona,home,35,3,,,,2,,,,5,0,2,11,0,17,5,3,5,32:12,1,2,3,4-30,5.9,35,206,8.5,27-37,314,520,2-2,7-12,28,0,0,1
401856776,Georgia Tech,Colorado,home,13,0,-10,0,1,0,130,1,2,7,0,3,6,1,38,1,1,3,25:51,0,1,1,9-49,1.7,30,51,9.9,17-24,237,288,0-0,5-13,17,,,
401856776,Colorado,Georgia Tech,away,14,1,7,0,2,1,12,0,1,2,1,2,8,0,30,3,2,0,34:09,0,0,0,6-60,3.7,49,183,4.6,14-27,124,307,2-3,7-17,21,,,
401864494,San José State,USC,away,26,1,,,,2,27,0,1,4,,,3,0,57,2,0,1,22:45,0,0,0,1-15,4.3,24,102,7.3,21-32,234,336,0-1,5-11,19,6,0,1
401864494,USC,San José State,home,42,4,56,0,2,2,69,0,3,6,,,5,0,34,1,0,2,37:15,1,0,1,5-34,4.1,40,164,9.5,30-36,341,505,1-2,9-13,29,,,
401858427,Hampton,Maryland,away,0,0,,,,0,108,0,6,,0,2,5,0,54,0,0,1,30:57,3,0,3,9-60,0.3,31,10,3.9,10-19,75,85,0-0,4-15,6,,,
401858427,Maryland,Hampton,home,62,6,58,0,3,2,,,,14,,,8,0,32,5,0,1,29:03,0,0,0,6-70,9.1,40,365,7.4,25-38,281,646,2-3,8-14,31,35,0,3
401858429,Toledo,Michigan State,away,20,1,,,,2,23,0,1,2,,,5,0,46,3,2,3,16:44,1,0,1,7-39,3.9,20,77,9.3,12-21,196,273,0-1,1-8,10,,,
401858429,Michigan State,Toledo,home,30,1,30,0,3,1,47,0,1,16,0,1,6,0,22,2,3,4,43:16,0,0,0,4-43,3.1,49,150,7.3,26-34,247,397,2-3,6-18,26,0,0,1
401858428,Western Michigan,Michigan,away,12,0,0,0,1,0,,,,12,2,3,1,0,26,1,0,4,40:08,0,0,0,5-40,2.9,46,132,4.2,15-21,89,221,0-1,8-18,16,4,0,1
401858428,Michigan,Western Michigan,home,13,1,9,0,2,1,18,0,1,1,0,2,6,0,40,2,6,2,19:52,1,2,3,9-80,4.2,25,106,7.4,12-23,170,276,1-1,3-10,12,,,
401858422,Eastern Illinois,Minnesota,away,7,0,,,,1,31,0,2,1,1,2,7,0,48,0,1,1,23:39,0,0,0,6-35,1.8,28,51,3.9,9-15,59,110,0-0,3-13,4,,,
401858422,Minnesota,Eastern Illinois,home,59,5,193,2,5,1,11,0,1,11,0,2,9,2,23,1,5,2,36:21,0,1,1,2-10,3.9,38,147,10.5,26-33,348,495,1-1,10-15,24,,,
401858430,Ohio,Nebraska,away,21,1,,,,1,23,0,1,7,0,1,5,0,38,2,2,5,29:21,1,0,1,2-30,4.2,33,139,5.1,14-32,164,303,1-1,6-15,17,,,
401858430,Nebraska,Ohio,home,49,4,9,0,1,3,8,0,1,7,0,1,4,0,28,2,5,8,30:39,0,0,0,9-65,5.9,42,248,8.6,18-32,275,523,1-2,9-14,28,35,0,1
401858432,Ball State,Ohio State,away,3,0,,,,0,,,,3,,,6,0,50,2,0,1,28:22,1,0,1,3-15,2.0,23,45,3.2,20-37,120,165,0-1,3-14,13,0,0,1
401858432,Ohio State,Ball State,home,56,3,10,0,4,5,26,0,2,8,,,7,0,23,1,3,6,31:38,1,0,1,9-81,6.8,35,237,11.7,31-37,434,671,2-2,5-11,32,2,0,1
401858438,Notre Dame,Wisconsin,home,41,2,12,0,1,2,42,0,2,11,1,1,6,1,36,2,1,5,31:36,0,0,0,4-41,3.5,32,111,8.2,19-29,239,350,1-1,3-9,20,55,1,1
401858438,Wisconsin,Notre Dame,away,13,0,3,0,1,1,51,0,3,7,0,1,1,0,27,1,2,5,28:24,1,1,2,6-43,2.2,31,67,7.2,19-30,217,284,1-1,5-13,16,,,
401858435,Indiana State,Purdue,away,19,1,5,0,1,1,,,,7,0,2,4,0,54,2,1,3,22:38,1,0,1,7-67,2.8,24,66,9.9,12-22,218,284,0-0,4-12,12,,,
401858435,Purdue,Indiana State,home,44,1,24,0,3,3,42,0,2,14,,,8,1,25,3,1,3,37:22,0,0,0,9-85,4.4,40,177,10.2,27-34,346,523,0-1,6-11,28,35,1,1
401864425,West Georgia,Kennesaw State,away,0,0,2,0,1,0,29,0,3,,1,3,8,0,42,1,1,1,25:54,0,2,2,8-68,2.0,25,49,4.3,15-26,111,160,0-1,0-12,7,27,0,1
401864425,Kennesaw State,West Georgia,home,47,6,2,0,1,1,47,0,1,5,2,3,5,0,29,2,3,1,34:06,1,1,2,9-65,6.3,47,297,6.2,26-34,211,508,1-2,7-14,30,,,
401858207,Pittsburgh,Miami (OH),home,59,1,15,0,2,7,55,0,2,11,0,1,3,0,31,2,7,2,33:56,0,0,0,5-38,5.4,31,166,10.9,34-44,480,646,0-1,7-10,33,0,0,1
401858207,Miami (OH),Pittsburgh,away,14,1,-2,0,1,1,107,0,3,2,,,2,0,43,1,2,3,26:04,1,0,1,9-78,1.3,21,28,7.1,19-37,261,289,1-1,3-13,14,,,
401858204,Wake Forest,Akron,home,38,1,44,0,2,3,17,0,1,12,1,2,7,0,26,2,2,2,29:24,0,0,0,11-115,6.2,33,203,10.2,22-35,356,559,2-2,7-15,20,,,
401858204,Akron,Wake Forest,away,16,0,,,,2,,,,4,0,1,3,0,28,0,7,4,30:36,0,1,1,5-35,4.1,36,149,4.7,28-33,156,305,0-1,6-13,20,,,
401866409,UAlbany,Buffalo,away,17,0,4,0,1,2,,,,5,1,0,3,0,45,1,0,7,28:07,1,0,1,8-66,2.3,31,72,5.0,19-41,204,276,1-2,5-19,19,,,
401866409,Buffalo,UAlbany,home,21,0,34,0,3,3,10,0,1,3,0,2,8,0,39,3,7,5,31:53,0,1,1,10-119,4.6,33,151,4.0,26-47,189,340,0-0,10-21,18,0,0,1
401864498,New Mexico,Central Michigan,home,38,3,47,0,2,1,,,,12,1,1,4,0,23,3,3,4,37:29,0,0,0,4-20,4.7,44,205,6.4,17-25,159,364,1-1,7-13,28,0,0,1
401864498,Central Michigan,New Mexico,away,7,1,,,,0,,,,1,0,1,3,0,37,2,1,2,22:31,1,1,2,9-84,3.7,32,119,1.9,7-16,30,149,2-3,2-11,9,,,
401864495,San José State,Eastern Michigan,away,27,0,18,0,4,3,,,,9,0,2,3,0,22,0,10,8,29:52,1,1,2,13-100,3.8,36,137,7.7,23-41,316,453,1-2,5-16,19,0,0,1
401864495,Eastern Michigan,San José State,home,21,1,16,0,2,1,,,,3,1,0,5,1,28,1,6,8,30:08,1,0,1,4-35,4.3,25,107,4.0,24-43,174,281,1-4,3-16,13,8,0,1
401856665,South Carolina,Kent State,home,57,4,30,0,3,4,,,,7,0,2,4,0,34,1,4,2,34:47,0,0,0,3-25,7.1,39,278,11.1,27-33,367,645,0-0,7-8,35,0,0,1
401856665,Kent State,South Carolina,away,0,0,,,,0,14,0,1,,,,3,0,47,1,0,0,25:13,1,0,1,5-35,4.0,25,100,3.4,14-23,79,179,0-0,5-14,10,,,
401856658,Tennessee State,Georgia,away,3,0,,,,0,,,,3,,,1,0,39,0,0,4,31:33,0,0,0,1-10,0.3,32,10,3.8,15-26,99,109,0-1,6-17,10,,,
401856658,Georgia,Tennessee State,home,63,4,68,0,5,5,43,0,2,9,0,1,7,0,36,3,0,3,28:27,0,0,0,8-85,10.1,27,272,11.8,25-33,388,660,0-1,4-6,31,,,
401856660,Clemson,LSU,away,10,1,,,,0,65,0,3,4,,,2,0,45,0,1,6,23:51,1,0,1,5-41,1.5,26,40,4.8,14-22,105,145,0-0,1-13,8,1,0,1
401856660,LSU,Clemson,home,51,4,,,,2,18,0,1,9,0,1,11,1,21,4,6,2,36:09,1,0,1,6-75,5.3,58,309,9.3,22-36,335,644,1-1,11-16,38,30,1,1
401856661,Louisville,Ole Miss,away,38,2,3,0,1,2,51,0,3,12,1,1,1,0,32,0,4,5,30:58,0,0,0,9-82,4.2,39,162,10.6,18-29,307,469,0-1,7-16,20,0,0,1
401856661,Ole Miss,Louisville,home,41,2,7,0,2,3,9,0,1,11,0,2,8,0,30,3,5,2,29:02,1,1,2,6-60,3.7,41,152,9.1,21-37,336,488,1-2,6-16,24,,,
401856634,East Carolina,Alabama,away,10,0,0,0,1,1,,,,4,1,0,5,0,37,1,3,2,21:07,1,0,1,7-61,0.1,22,2,8.4,11-19,160,162,0-0,0-9,5,,,
401856634,Alabama,East Carolina,home,48,5,27,0,3,0,39,0,2,12,0,1,5,1,21,3,3,2,38:53,0,1,1,6-29,4.6,49,227,8.1,19-32,260,487,1-1,8-15,28,27,1,1
401856666,Furman,Tennessee,away,9,1,,,,0,51,0,3,3,2,1,4,0,38,1,0,1,27:51,0,0,0,5-45,4.9,36,178,2.0,11-22,43,221,0-2,4-15,10,,,
401856666,Tennessee,Furman,home,56,4,12,0,1,4,43,0,2,8,0,2,12,0,36,6,4,3,32:02,0,2,2,7-60,7.0,47,329,11.4,21-27,309,638,2-3,5-11,29,,,
401866617,Rhode Island,Merrimack,away,34,2,14,0,2,1,20,0,1,10,2,0,6,1,50,3,4,1,23:59,0,0,0,7-55,5.6,30,169,4.1,13-31,128,297,0-0,5-13,18,124,1,2
401866617,Merrimack,Rhode Island,home,7,1,-2,0,1,0,64,0,4,1,0,2,3,0,35,0,1,2,36:01,2,2,4,5-41,2.8,34,94,6.5,24-40,261,355,1-3,4-14,20,,,
401868305,McNeese,Stephen F. Austin,home,27,2,,,,2,41,0,3,3,1,2,10,0,41,3,1,2,28:13,2,1,3,5-60,6.0,33,199,6.5,19-32,208,407,0-2,5-12,18,0,0,2
401868305,Stephen F. Austin,McNeese,away,38,1,-6,0,1,3,25,0,2,8,1,1,9,1,37,3,5,1,31:47,2,1,3,8-67,3.5,39,137,10.4,18-29,302,439,1-1,5-12,23,35,1,2
401868240,Chattanooga,West Georgia,away,24,1,,,,2,20,0,1,6,,,5,0,27,3,0,5,36:43,0,0,0,3-40,2.9,51,149,10.0,9-18,180,329,1-1,10-17,20,,,
401868240,West Georgia,Chattanooga,home,10,1,7,0,1,0,36,0,2,4,,,6,0,40,4,1,3,23:17,0,0,0,6-50,2.0,19,38,5.8,20-31,181,219,0-2,2-11,12,,,
401862698,Rhode Island,Temple,away,14,1,1,0,1,1,10,0,1,2,1,1,3,0,42,3,1,2,29:06,2,1,3,4-18,3.2,30,97,6.3,18-31,195,292,2-2,6-14,15,,,
401862698,Temple,Rhode Island,home,38,2,86,0,4,1,,,,8,1,2,6,2,37,2,2,5,30:54,0,1,1,3-20,5.0,45,227,8.9,9-16,142,369,2-2,3-12,19,98,2,2
401862693,UNLV,Memphis,home,21,1,1,0,1,2,15,0,1,3,1,1,1,0,35,1,1,5,35:09,0,0,0,7-75,4.1,41,169,7.7,25-38,291,460,2-5,3-15,23,,,
401862693,Memphis,UNLV,away,27,1,1,0,2,2,71,0,2,9,0,1,11,0,48,6,1,3,24:51,0,1,1,7-70,5.7,34,195,8.6,15-26,223,418,0-0,3-11,20,,,
401862696,Towson,Navy,away,15,0,8,0,1,2,36,0,2,3,,,2,0,41,0,0,1,20:10,0,0,0,2-10,2.0,20,39,10.9,14-19,207,246,0-0,2-8,13,,,
401862696,Navy,Towson,home,42,6,3,0,1,0,65,0,2,6,0,1,5,0,21,3,4,0,39:50,0,0,0,6-55,6.9,73,506,3.5,3-6,21,527,3-3,7-12,30,,,
401858209,Duke,Tulane,home,17,2,5,0,4,0,,,,5,1,2,7,0,26,3,4,6,36:35,0,1,1,8-53,5.1,49,250,4.7,13-28,131,381,1-4,8-18,20,,,
401858209,Tulane,Duke,away,3,0,13,0,1,0,24,0,1,3,1,1,0,0,31,0,2,5,23:25,0,1,1,15-104,2.1,26,54,6.8,17-30,204,258,0-2,3-14,10,,,
401858202,Virginia,NC State,home,34,2,0,0,1,2,,,,10,1,0,4,0,21,2,2,7,38:03,0,0,0,5-51,4.5,57,258,14.1,9-11,155,413,4-4,3-14,19,0,0,1
401858202,NC State,Virginia,away,8,1,32,0,2,0,54,0,2,,0,1,3,0,22,1,0,1,21:57,1,1,2,2-13,3.2,24,76,3.4,15-27,92,168,0-1,4-13,10,,,
401858208,New Hampshire,Syracuse,away,3,0,,,,0,64,0,4,3,0,3,6,0,30,2,0,1,27:26,1,2,3,9-67,1.8,34,60,3.8,15-26,99,159,0-0,5-14,12,,,
401858208,Syracuse,New Hampshire,home,66,4,133,0,7,4,55,0,3,10,2,0,10,1,29,5,2,2,32:34,0,0,0,12-125,5.5,43,238,8.1,22-34,275,513,0-1,8-12,32,17,0,1
401864497,UNLV,Hawai'i,away,21,3,0,0,1,0,,,,3,,,7,0,38,5,5,6,27:55,0,0,0,6-59,5.8,43,248,6.4,8-18,116,364,0-2,7-15,18,0,0,1
401864497,Hawai'i,UNLV,home,6,0,0,0,1,0,11,0,1,6,0,2,3,0,30,1,1,5,32:05,1,0,1,6-59,3.6,33,118,4.1,17-43,176,294,1-2,9-20,20,,,
401917058,Western Carolina,Campbell,away,19,0,,,,2,40,0,3,7,,,6,0,30,3,0,4,23:58,0,0,0,7-70,0.1,18,1,7.4,25-44,326,327,0-1,2-13,16,47,0,3
401917058,Campbell,Western Carolina,home,28,2,10,0,1,2,18,0,1,4,,,7,0,26,3,7,7,36:02,3,0,3,5-49,5.1,39,198,7.5,29-44,330,528,1-4,6-16,26,,,
401868169,Lindenwood,Charleston Southern,home,20,1,,,,0,26,0,2,8,1,0,5,1,34,4,3,2,32:29,0,0,0,5-40,4.3,40,170,6.8,14-21,142,312,0-0,9-16,16,85,1,1
401868169,Charleston Southern,Lindenwood,away,17,0,6,0,2,2,44,0,2,5,0,1,5,0,26,2,2,1,27:31,1,1,2,4-50,3.5,31,107,6.5,18-32,208,315,1-1,7-14,19,,,
401866626,Elon,Davidson,away,38,4,37,0,3,1,26,0,1,8,1,2,7,0,25,2,3,4,30:42,0,0,0,5-45,3.8,41,154,8.7,12-22,191,345,0-1,6-12,17,,,
401866626,Davidson,Elon,home,0,0,5,0,2,0,70,0,4,0,0,2,5,0,27,1,4,0,29:18,0,1,1,3-20,2.1,23,49,5.2,17-39,202,251,2-6,3-16,11,,,
401868111,Montana,Drake,home,45,4,11,0,2,2,,,,9,2,0,7,0,36,1,4,8,33:00,0,0,0,16-138,4.9,42,206,6.9,27-41,282,488,3-4,4-13,26,,,
401868111,Drake,Montana,away,10,0,,,,1,,,,4,0,2,1,0,39,0,2,3,27:00,0,2,2,6-30,2.1,21,45,3.9,31-64,252,297,1-5,6-18,24,,,
401868084,Northern Arizona,Eastern Washington,home,34,1,2,0,1,2,116,1,2,10,1,1,6,1,29,1,8,2,31:55,1,0,1,5-43,5.0,40,201,6.1,15-27,164,365,2-2,4-13,22,2,0,1
401868084,Eastern Washington,Northern Arizona,away,27,1,0,0,1,2,,,,9,0,1,4,0,19,1,2,5,28:05,1,1,2,6-38,4.1,30,122,6.5,30-47,307,429,0-2,6-14,26,21,0,1
401868186,Wofford,Gardner-Webb,home,17,1,20,0,1,0,128,1,2,5,2,1,8,1,46,1,14,5,26:09,1,1,2,6-62,2.7,33,88,5.5,11-22,120,208,0-0,7-15,12,51,0,1
401868186,Gardner-Webb,Wofford,away,13,1,,,,0,71,0,3,7,1,3,8,0,26,1,4,1,33:51,1,2,3,9-77,2.1,28,60,7.0,31-54,378,438,0-1,7-16,24,15,0,1
401866613,Virginia Lynchburg,Hampton,away,0,0,,,,,,,,,,,,,,,,,30:31,1,2,3,8-60,1.7,31,54,4.5,23-37,166,220,0-3,6-18,12,,,
401866613,Hampton,Virginia Lynchburg,home,45,2,4,0,3,3,33,0,1,9,2,2,9,1,30,1,1,4,29:23,1,2,3,13-135,6.6,40,263,7.1,17-30,213,476,1-1,8-14,22,32,1,1
401867855,Southeast Missouri State,Indiana State,away,23,1,8,0,2,1,65,0,2,11,,,11,0,32,4,0,4,28:51,0,0,0,6-55,1.8,30,53,7.6,26-36,274,327,0-0,7-15,18,16,0,1
401867855,Indiana State,Southeast Missouri State,home,21,1,,,,2,60,0,4,3,0,1,7,0,23,1,1,6,31:09,1,0,1,6-45,1.9,31,58,9.0,23-32,288,346,0-1,8-15,17,,,
401866622,Stony Brook,Lindenwood,home,36,3,9,0,1,2,130,0,3,6,0,1,12,0,41,4,5,2,26:46,0,0,0,10-94,3.6,29,104,8.5,27-35,298,402,1-2,3-12,22,,,
401866622,Lindenwood,Stony Brook,away,32,3,82,0,3,0,96,0,5,12,,,3,0,33,2,1,1,32:31,0,0,0,5-70,3.6,43,155,7.5,19-28,209,364,0-1,6-15,22,,,
401866532,Towson,Maine,home,18,0,25,0,2,2,48,0,3,4,0,1,6,0,27,1,4,2,29:27,1,1,2,8-64,2.7,41,112,12.7,15-21,267,379,0-1,4-12,16,,,
401866532,Maine,Towson,away,21,1,-5,0,1,2,70,0,3,3,1,0,7,0,36,6,4,2,30:33,0,0,0,4-27,3.9,33,130,7.4,17-27,199,329,1-2,5-14,16,0,0,1
401869136,Texas Wesleyan,McNeese,away,0,0,2,0,1,0,75,0,4,0,,,4,0,38,2,2,3,29:22,1,0,1,4-29,2.5,30,74,3.4,14-33,113,187,0-1,4-15,14,,,
401869136,McNeese,Texas Wesleyan,home,52,1,61,0,4,5,36,0,1,10,,,6,0,30,3,5,6,30:38,0,0,0,6-59,5.9,37,220,9.7,20-29,280,500,1-2,7-13,23,37,0,1
401866624,Sacred Heart,Monmouth,away,24,0,7,0,1,3,117,0,6,6,,,5,0,34,1,3,2,35:26,0,0,0,7-65,4.7,46,217,7.6,14-25,191,408,2-3,6-14,26,,,
401866624,Monmouth,Sacred Heart,home,31,1,27,0,1,3,38,0,2,7,,,5,0,40,2,6,3,24:34,0,0,0,9-80,4.3,26,113,6.4,26-37,237,350,0-0,7-12,23,,,
401868269,Kentucky Christian,Morehead State,away,24,0,1,0,1,1,220,1,7,6,,,4.5,2,33,0,1,3,28:22,3,0,3,13-100,3.4,24,82,7.4,20-33,244,326,0-0,2-12,13,,,
401868269,Morehead State,Kentucky Christian,home,75,2,97,0,6,7,141,0,4,9,0,2,4,2,27,0,1,7,31:38,1,0,1,9-70,5.0,40,198,15.6,18-26,406,604,0-2,9-13,24,86,2,3
401866616,UAlbany,New Hampshire,home,28,4,6,0,1,0,40,0,2,4,,,6,0,31,4,2,1,39:08,1,0,1,10-97,7.1,53,374,3.2,7-18,57,431,1-2,5-12,26,24,0,1
401866616,New Hampshire,UAlbany,away,14,0,,,,2,61,0,4,2,,,4,0,36,1,1,1,20:52,1,0,1,11-94,2.6,24,62,7.8,20-30,235,297,0-2,3-11,16,0,0,1
401868129,Weber State,Northern Colorado,away,30,1,,,,2,54,0,2,12,,,8,0,57,2,0,10,21:57,1,0,1,2-10,4.7,29,137,8.3,16-28,233,370,0-0,4-10,20,,,
401868129,Northern Colorado,Weber State,home,29,3,4,0,1,1,47,0,2,5,,,4,0,36,0,4,5,38:03,0,0,0,3-35,5.6,46,259,6.8,20-33,226,485,1-1,8-15,29,0,0,1
401869128,Louisiana Christian,Northwestern State,away,42,3,,,,2,78,0,2,6,2,1,9,1,49,2,1,3,23:07,1,0,1,10-75,4.1,38,154,6.8,15-27,183,337,0-0,8-14,19,42,1,1
401869128,Northwestern State,Louisiana Christian,home,37,2,0,0,2,2,70,0,2,13,0,2,4,0,17,2,3,0,36:53,1,2,3,12-111,5.8,32,184,7.6,32-45,341,525,1-2,6-14,29,26,0,1
401868394,Wofford,The Citadel,home,42,2,67,1,2,3,26,0,1,6,2,0,3,1,45,1,3,3,24:55,2,0,2,1-5,5.3,30,160,6.7,19-27,181,341,1-1,5-8,24,22,0,1
401868394,The Citadel,Wofford,away,14,2,2,0,2,0,56,0,4,2,0,2,0,0,30,0,3,1,35:05,1,2,3,4-50,5.0,45,227,5.2,15-24,124,351,2-3,5-12,21,67,0,2
401868204,Northwestern (IA),Western Illinois,away,14,0,,,,2,37,0,2,2,1,1,4,0,52,1,1,2,23:35,2,1,3,6-35,0.2,23,5,5.3,17-30,159,164,0-2,1-11,9,0,0,1
401868204,Western Illinois,Northwestern (IA),home,65,6,122,0,6,2,18,0,2,11,1,2,7,1,29,2,3,1,36:25,1,1,2,7-70,6.4,50,321,8.7,20-25,218,539,1-2,9-13,28,18,0,2
