game_id,homeTeam,awayTeam,week,kickoff,temp_f,precip_pct,wind_mph
401858243,Louisville,Wake Forest,4,2026-09-26T16:00:00+00:00,69.9,0,4.7
401860893,Toledo,San Diego State,4,2026-09-26T16:00:00+00:00,66.1,0,4.2
401866425,Kent State,Ball State,4,2026-09-26T16:00:00+00:00,67.2,0,9.2
401864512,Akron,UNLV,4,2026-09-26T16:00:00+00:00,66.6,0,8.0
401860896,UTSA,Colorado State,4,2026-09-26T16:00:00+00:00,85.4,0,5.9
401858465,Ohio State,Illinois,4,2026-09-26T16:00:00+00:00,67.1,0,6.3
401858242,Boston College,Virginia Tech,4,2026-09-26T16:00:00+00:00,56.5,44,18.7
401856813,Baylor,Colorado,4,2026-09-26T16:00:00+00:00,86.2,0,5.9
401856805,Texas Tech,Sam Houston,4,2026-09-26T16:00:00+00:00,76.7,0,10.9
401858236,Pittsburgh,Bucknell,4,2026-09-26T16:00:00+00:00,67.4,0,9.7
401856704,Tennessee,Texas,4,2026-09-26T16:00:00+00:00,67.1,0,3.5
401864576,Kentucky,South Alabama,4,2026-09-26T16:45:00+00:00,68.5,0,3.4
401866427,Eastern Michigan,Lindenwood,4,2026-09-26T17:00:00+00:00,67.8,0,6.4
401858462,Maryland,UCLA,4,2026-09-26T17:30:00+00:00,66.1,29,13.8
401864511,Georgia State,Northern Illinois,4,2026-09-26T18:00:00+00:00,78.8,0,7.8
401858467,Purdue,Notre Dame,4,2026-09-26T18:00:00+00:00,70.2,0,6.3
401864510,Wyoming,Hawai'i,4,2026-09-26T19:00:00+00:00,71.7,0,13.9
401858237,Florida State,Central Arkansas,4,2026-09-26T19:00:00+00:00,84.1,0,5.4
401866426,Buffalo,Robert Morris,4,2026-09-26T19:30:00+00:00,70.1,0,10.9
401866428,Ohio,Stonehill,4,2026-09-26T19:30:00+00:00,68.0,0,7.7
401868188,Marshall,Gardner-Webb,4,2026-09-26T19:30:00+00:00,72.8,0,6.0
401856815,UCF,TCU,4,2026-09-26T19:30:00+00:00,82.3,0,6.8
401856816,Iowa State,Utah,4,2026-09-26T19:30:00+00:00,65.8,10,12.5
401858244,Duke,William & Mary,4,2026-09-26T19:30:00+00:00,78.6,0,12.0
401860897,Western Michigan,Boise State,4,2026-09-26T19:30:00+00:00,68.9,0,3.9
401861970,Miami (OH),UConn,4,2026-09-26T19:30:00+00:00,68.7,0,5.7
401864579,New Mexico State,New Mexico,4,2026-09-26T19:30:00+00:00,85.2,0,4.7
401858463,Michigan,Iowa,4,2026-09-26T19:30:00+00:00,70.7,0,7.1
401856700,Georgia,Oklahoma,4,2026-09-26T19:30:00+00:00,81.2,0,9.3
401856699,Florida,Ole Miss,4,2026-09-26T19:30:00+00:00,82.5,0,5.6
401856806,Georgia Southern,Houston,4,2026-09-26T20:00:00+00:00,81.4,0,7.6
401862781,East Carolina,North Carolina Central,4,2026-09-26T20:00:00+00:00,77.7,0,14.0
401856698,Auburn,Vanderbilt,4,2026-09-26T20:15:00+00:00,83.5,0,5.9
401862785,Bowling Green,South Florida,4,2026-09-26T21:00:00+00:00,70.1,0,10.4
401858466,Penn State,Wisconsin,4,2026-09-26T21:00:00+00:00,64.6,4,9.0
401858464,Michigan State,Nebraska,4,2026-09-26T21:00:00+00:00,69.4,0,6.7
401869961,Old Dominion,James Madison,4,2026-09-26T22:00:00+00:00,62.5,13,15.8
401858239,Virginia,Delaware,4,2026-09-26T22:00:00+00:00,73.3,4,13.6
401867909,Florida International,Long Island University,4,2026-09-26T22:00:00+00:00,84.1,6,7.6
401860892,Texas State,Incarnate Word,4,2026-09-26T22:00:00+00:00,94.2,0,3.6
401858238,Miami,Central Michigan,4,2026-09-26T22:30:00+00:00,80.5,12,5.0
401862780,Charlotte,Louisiana,4,2026-09-26T22:30:00+00:00,76.1,0,8.3
401871048,Jacksonville State,Middle Tennessee,4,2026-09-26T23:00:00+00:00,81.5,0,5.7
401869931,Arkansas State,Kennesaw State,4,2026-09-26T23:00:00+00:00,81.5,3,7.9
401856696,Alabama,South Carolina,4,2026-09-26T23:00:00+00:00,85.7,1,6.3
401856814,Cincinnati,Kansas State,4,2026-09-26T23:00:00+00:00,69.3,0,7.0
401856881,West Virginia,Oklahoma State,4,2026-09-26T23:00:00+00:00,63.8,2,4.7
401862784,Tulane,Southern Miss,4,2026-09-26T23:00:00+00:00,85.3,0,3.5
401870745,Western Kentucky,Mercyhurst,4,2026-09-26T23:00:00+00:00,76.1,0,5.7
401864572,NC State,App State,4,2026-09-26T23:30:00+00:00,73.8,0,5.4
401860894,Utah State,Troy,4,2026-09-26T23:30:00+00:00,77.8,1,7.9
401856804,Washington State,Arizona,4,2026-09-26T23:30:00+00:00,57.8,0,4.6
401858469,USC,Oregon,4,2026-09-26T23:30:00+00:00,84.8,0,7.6
401856702,LSU,Texas A&M,4,2026-09-26T23:30:00+00:00,88.6,0,4.9
401862783,North Texas,Houston Christian,4,2026-09-26T23:30:00+00:00,93.7,0,8.3
401856703,Mississippi State,Missouri,4,2026-09-26T23:45:00+00:00,83.8,1,6.7
401862782,UL Monroe,Florida Atlantic,4,2026-09-27T00:00:00+00:00,85.4,1,4.0
401856697,Arkansas,Tulsa,4,2026-09-27T00:00:00+00:00,76.7,14,9.8
401860895,UTEP,Oregon State,4,2026-09-27T01:00:00+00:00,81.7,0,5.0
401858241,SMU,Missouri State,4,2026-09-27T01:00:00+00:00,84.7,0,5.6
401866429,Sacramento State,Massachusetts,4,2026-09-27T01:00:00+00:00,80.0,0,6.3
401860891,Fresno State,Rice,4,2026-09-27T02:00:00+00:00,84.6,0,4.3
401858240,Stanford,Georgia Tech,4,2026-09-27T02:30:00+00:00,66.2,0,4.1
401864509,Nevada,Air Force,4,2026-09-27T02:30:00+00:00,67.4,3,15.1
401858470,Washington,Minnesota,4,2026-09-27T03:00:00+00:00,50.8,0,4.5
401871049,New Mexico State,Western Kentucky,5,2026-10-02T00:00:00+00:00,69.2,4,14.5
401862786,Tulsa,North Texas,5,2026-10-02T01:00:00+00:00,69.4,47,5.9
401871050,Delaware,Liberty,5,2026-10-02T23:00:00+00:00,72.3,11,5.6
401858245,Virginia Tech,Pittsburgh,5,2026-10-02T23:00:00+00:00,72.6,17,2.6
401858476,Northwestern,Penn State,5,2026-10-03T00:00:00+00:00,60.1,25,10.6
401858249,Clemson,Miami,5,2026-10-03T04:00:00+00:00,70.8,20,3.3
401858250,North Carolina,Notre Dame,5,2026-10-03T04:00:00+00:00,77.2,11,3.5
401856707,Mississippi State,Alabama,5,2026-10-03T04:00:00+00:00,77.7,25,5.8
401856705,Georgia,Vanderbilt,5,2026-10-03T04:00:00+00:00,78.2,17,3.8
401858246,SMU,Boston College,5,2026-10-03T16:00:00+00:00,81.2,17,7.3
401856807,Kansas,Middle Tennessee,5,2026-10-03T16:00:00+00:00,75.5,8,7.1
401858252,UConn,Syracuse,5,2026-10-03T16:00:00+00:00,63.2,18,2.5
401856819,Houston,UCF,5,2026-10-03T16:00:00+00:00,85.3,30,2.7
401856822,Iowa State,West Virginia,5,2026-10-03T16:00:00+00:00,70.9,6,6.5
401862791,Air Force,Navy,5,2026-10-03T16:00:00+00:00,67.7,1,1.6
401858474,Minnesota,Michigan,5,2026-10-03T16:00:00+00:00,60.2,6,3.0
401858251,Wake Forest,Stanford,5,2026-10-03T16:00:00+00:00,84.6,20,6.5
401858479,Wisconsin,Michigan State,5,2026-10-03T16:30:00+00:00,67.3,10,8.7
401866432,Buffalo,Western Michigan,5,2026-10-03T17:00:00+00:00,62.1,14,2.6
401866431,Ball State,Toledo,5,2026-10-03T18:00:00+00:00,79.6,24,16.9
401866433,Massachusetts,Eastern Michigan,5,2026-10-03T19:30:00+00:00,58.5,22,3.6
401866430,Central Michigan,Akron,5,2026-10-03T19:30:00+00:00,66.5,10,12.5
401866477,Miami (OH),Bowling Green,5,2026-10-03T19:30:00+00:00,85.0,31,13.9
401866434,Kent State,Ohio,5,2026-10-03T19:30:00+00:00,79.9,25,8.9
401862787,Charlotte,Memphis,5,2026-10-03T19:30:00+00:00,91.4,38,6.4
401858253,Florida State,Virginia,5,2026-10-03T19:30:00+00:00,90.1,49,11.0
401858473,Iowa,Ohio State,5,2026-10-03T19:30:00+00:00,73.8,12,8.6
401856710,Tennessee,Auburn,5,2026-10-03T19:30:00+00:00,68.0,54,2.5
401856708,Missouri,Florida,5,2026-10-03T19:30:00+00:00,75.0,18,6.5
401862793,UAB,Samford,5,2026-10-03T19:30:00+00:00,80.5,56,2.9
401864515,North Dakota State,Wyoming,5,2026-10-03T19:30:00+00:00,51.2,7,22.7
401869956,Georgia State,Old Dominion,5,2026-10-03T19:30:00+00:00,82.2,53,5.1
401858247,UNLV,California,5,2026-10-03T19:30:00+00:00,89.5,1,2.4
401858248,NC State,Louisville,5,2026-10-03T19:30:00+00:00,92.0,33,4.9
401869962,James Madison,Marshall,5,2026-10-03T19:45:00+00:00,89.8,38,13.6
401858475,Nebraska,Maryland,5,2026-10-03T20:00:00+00:00,80.6,8,3.5
401864514,New Mexico,UTEP,5,2026-10-03T20:00:00+00:00,80.6,0,5.6
401858472,Illinois,Purdue,5,2026-10-03T20:15:00+00:00,69.9,22,9.0
401856709,South Carolina,Kentucky,5,2026-10-03T20:15:00+00:00,94.3,40,8.3
401860899,Colorado State,Oregon State,5,2026-10-03T22:00:00+00:00,64.4,8,8.1
401862790,Florida Atlantic,Texas Southern,5,2026-10-03T22:00:00+00:00,87.9,34,11.5
401871089,South Alabama,UL Monroe,5,2026-10-03T23:00:00+00:00,79.3,63,6.8
401856818,TCU,BYU,5,2026-10-03T23:00:00+00:00,87.2,17,3.5
401862788,Rice,UTSA,5,2026-10-03T23:00:00+00:00,90.3,44,8.2
401856711,Texas A&M,Arkansas,5,2026-10-03T23:00:00+00:00,90.2,34,8.1
401869942,Coastal Carolina,Georgia Southern,5,2026-10-03T23:00:00+00:00,78.9,32,9.0
401869842,Louisiana Tech,Army,5,2026-10-03T23:30:00+00:00,79.8,38,3.2
401862792,South Florida,Temple,5,2026-10-03T23:30:00+00:00,87.4,61,7.2
401858478,USC,Washington,5,2026-10-03T23:30:00+00:00,89.5,0,10.1
401856821,Colorado,Texas Tech,5,2026-10-03T23:30:00+00:00,59.4,13,10.1
401860898,Boise State,Utah State,5,2026-10-03T23:30:00+00:00,72.1,0,13.6
401856706,LSU,McNeese,5,2026-10-03T23:45:00+00:00,81.7,68,8.1
401858477,Rutgers,Indiana,5,2026-10-04T00:00:00+00:00,66.3,22,6.0
401869932,Louisiana,Arkansas State,5,2026-10-04T00:00:00+00:00,80.0,62,10.6
401860921,Washington State,Fresno State,5,2026-10-04T01:30:00+00:00,59.9,1,3.5
401856817,Arizona State,Baylor,5,2026-10-04T02:30:00+00:00,98.3,0,8.2
401860900,San Diego State,Texas State,5,2026-10-04T02:30:00+00:00,85.8,0,4.6
401856820,Arizona,Cincinnati,5,2026-10-04T03:00:00+00:00,88.8,0,8.1
401864513,Hawai'i,San José State,5,2026-10-04T03:59:00+00:00,78.6,14,4.2
401871090,Troy,Southern Miss,6,2026-10-07T00:00:00+00:00,58.3,26,5.8
401871051,Kennesaw State,Jacksonville State,6,2026-10-07T23:00:00+00:00,52.1,16,12.0
401871066,Florida International,New Mexico State,6,2026-10-07T23:30:00+00:00,85.7,51,11.0
401871052,Western Kentucky,Missouri State,6,2026-10-08T23:00:00+00:00,70.4,14,3.6
401870766,Liberty,Sam Houston,6,2026-10-08T23:00:00+00:00,59.7,19,4.6
401862794,UTSA,South Florida,6,2026-10-08T23:30:00+00:00,73.6,6,7.7
401869933,Arkansas State,South Alabama,6,2026-10-08T23:30:00+00:00,62.8,3,8.1
401858254,Louisville,Florida State,6,2026-10-09T23:00:00+00:00,76.6,9,3.5
401860922,Utah State,Washington State,6,2026-10-10T01:00:00+00:00,73.1,3,2.4
401858487,Washington,Iowa,6,2026-10-10T01:00:00+00:00,64.0,18,7.4
401864519,San José State,Wyoming,6,2026-10-10T01:00:00+00:00,80.1,2,9.4
401856826,BYU,Iowa State,6,2026-10-10T02:15:00+00:00,74.7,7,1.9
401856823,West Virginia,Arizona,6,2026-10-10T04:00:00+00:00,51.6,13,3.7
401856712,Alabama,Georgia,6,2026-10-10T04:00:00+00:00,62.7,14,4.9
401856713,Arkansas,Tennessee,6,2026-10-10T04:00:00+00:00,57.6,2,4.0
401856714,Florida,South Carolina,6,2026-10-10T04:00:00+00:00,73.4,18,8.3
401856715,Kentucky,LSU,6,2026-10-10T04:00:00+00:00,61.6,17,7.7
401856716,Missouri,Texas A&M,6,2026-10-10T04:00:00+00:00,61.9,3,7.3
401856718,Vanderbilt,Ole Miss,6,2026-10-10T04:00:00+00:00,70.4,4,2.0
401856824,Oklahoma State,UCF,6,2026-10-10T04:00:00+00:00,62.0,2,6.6
401856827,Utah,Kansas,6,2026-10-10T04:00:00+00:00,71.8,5,2.4
401858256,Pittsburgh,North Carolina,6,2026-10-10T04:00:00+00:00,56.8,15,3.6
401858260,NC State,Wake Forest,6,2026-10-10T04:00:00+00:00,58.6,13,6.0
401858483,Ohio State,Maryland,6,2026-10-10T04:00:00+00:00,61.6,10,3.5
401858484,Oregon,UCLA,6,2026-10-10T04:00:00+00:00,51.9,19,2.6
401862797,East Carolina,Rice,6,2026-10-10T04:00:00+00:00,55.0,12,7.4
401866439,Western Michigan,Kent State,6,2026-10-10T04:00:00+00:00,57.4,16,3.8
401869843,App State,Old Dominion,6,2026-10-10T04:00:00+00:00,47.5,17,1.7
401869965,Louisiana Tech,Louisiana,6,2026-10-10T04:00:00+00:00,66.9,6,4.1
401858481,Nebraska,Indiana,6,2026-10-10T04:00:00+00:00,56.9,6,9.6
401869943,Marshall,Coastal Carolina,6,2026-10-10T04:00:00+00:00,61.4,15,3.2
401862798,Memphis,UAB,6,2026-10-10T04:00:00+00:00,67.9,9,7.2
401858486,Purdue,Minnesota,6,2026-10-10T04:00:00+00:00,61.1,5,6.7
401866438,Ohio,Central Michigan,6,2026-10-10T04:00:00+00:00,57.3,13,4.3
401858482,Northwestern,Ball State,6,2026-10-10T04:00:00+00:00,61.5,21,5.5
401862796,North Texas,Charlotte,6,2026-10-10T04:00:00+00:00,65.0,0,5.5
401869949,Georgia Southern,James Madison,6,2026-10-10T04:00:00+00:00,69.3,19,8.8
401864517,UTEP,Nevada,6,2026-10-10T04:00:00+00:00,75.0,0,3.2
401866437,Toledo,Buffalo,6,2026-10-10T04:00:00+00:00,59.1,13,2.1
401858255,Georgia Tech,Duke,6,2026-10-10T04:00:00+00:00,63.9,20,8.8
401858258,Virginia,Syracuse,6,2026-10-10T04:00:00+00:00,50.3,6,1.1
401861964,Temple,UConn,6,2026-10-10T04:00:00+00:00,55.9,4,2.3
401858259,California,Virginia Tech,6,2026-10-10T04:00:00+00:00,62.7,1,7.8
401858480,Michigan State,Illinois,6,2026-10-10T04:00:00+00:00,55.3,16,5.5
401856808,Arizona State,Hawai'i,6,2026-10-10T04:00:00+00:00,91.5,8,2.2
401866436,Bowling Green,Sacramento State,6,2026-10-10T04:00:00+00:00,55.6,13,4.1
401858485,Penn State,USC,6,2026-10-10T04:00:00+00:00,47.7,15,1.6
401866440,Massachusetts,Miami (OH),6,2026-10-10T04:00:00+00:00,45.2,8,2.7
401856825,Kansas State,Houston,6,2026-10-10T04:00:00+00:00,57.8,0,7.3
401862795,Army,Tulane,6,2026-10-10T16:00:00+00:00,65.5,9,3.7
401866435,Akron,Eastern Michigan,6,2026-10-10T19:30:00+00:00,71.7,14,2.6
401856717,Oklahoma,Texas,6,2026-10-10T19:30:00+00:00,73.8,1,4.2
401858257,Notre Dame,Stanford,6,2026-10-10T19:30:00+00:00,73.0,9,5.9
401862799,Navy,Tulsa,6,2026-10-10T19:30:00+00:00,64.6,14,6.0
401860902,Oregon State,San Diego State,6,2026-10-10T22:00:00+00:00,64.3,9,2.3
401864518,UNLV,North Dakota State,6,2026-10-10T23:00:00+00:00,93.4,3,7.9
401864516,Northern Illinois,Air Force,6,2026-10-10T23:30:00+00:00,63.7,0,6.7
401860901,Fresno State,Boise State,6,2026-10-11T02:30:00+00:00,87.4,5,6.8
