first_seen_utc,season,week,game,name,market,side,line,pick
2026-09-29T17:39:43+00:00,2026,5,North Texas@Tulsa,Adam Burke (VSiN),spread,North Texas,1.0,North Texas +1
2026-09-29T17:39:43+00:00,2026,5,Western Kentucky@New Mexico State,Chris Vasile (Covers),moneyline,Western Kentucky,,Western Kentucky ML
2026-09-29T17:39:43+00:00,2026,5,Penn State@Northwestern,Chris Gregory (Covers),spread,Penn State,-2.5,Penn State -2.5
2026-09-29T17:39:43+00:00,2026,5,Penn State@Northwestern,Chris Vasile (Covers),moneyline,Penn State,,Penn State ML
2026-09-29T17:39:43+00:00,2026,5,Alabama@Mississippi State,Chris Gregory (Covers),spread,Mississippi State,6.5,Mississippi State +6.5
2026-09-29T17:39:43+00:00,2026,5,Alabama@Mississippi State,Chris Vasile (Covers),moneyline,Mississippi State,,Mississippi State ML
2026-09-29T17:39:43+00:00,2026,5,Alabama@Mississippi State,Julian Edlow (DraftKings Network),total,over,59.5,Over 59.5
2026-09-29T17:39:43+00:00,2026,5,Alabama@Mississippi State,Joey House (Doc's Sports),spread,Alabama,-6.0,Alabama -6
2026-09-29T17:39:43+00:00,2026,5,Alabama@Mississippi State,Chris Amberley (SportsBettingDime),spread,Alabama,-6.0,Alabama -6
2026-09-29T17:39:43+00:00,2026,5,Michigan@Minnesota,Chris Amberley (SportsBettingDime),spread,Minnesota,5.5,Minnesota +5.5
2026-09-29T17:39:43+00:00,2026,5,Navy@Air Force,Chris Vasile (Covers),moneyline,Air Force,,Air Force ML
2026-09-29T17:39:43+00:00,2026,5,Notre Dame@North Carolina,Chris Gregory (Covers),spread,Notre Dame,-21.5,Notre Dame -21.5
2026-09-29T17:39:43+00:00,2026,5,Vanderbilt@Georgia,Chris Gregory (Covers),spread,Georgia,-24.5,Georgia -24.5
2026-09-29T17:39:43+00:00,2026,5,Ohio State@Iowa,Chris Gregory (Covers),spread,Ohio State,-13.5,Ohio State -13.5
2026-09-29T17:39:43+00:00,2026,5,Ohio State@Iowa,Julian Edlow (DraftKings Network),spread,Ohio State,-13.5,Ohio State -13.5
2026-09-29T17:39:43+00:00,2026,5,Ohio State@Iowa,Joey House (Doc's Sports),spread,Iowa,14.0,Iowa +14
2026-09-29T17:39:43+00:00,2026,5,Florida@Missouri,Chris Gregory (Covers),spread,Florida,-5.5,Florida -5.5
2026-09-29T17:39:43+00:00,2026,5,Florida@Missouri,Chris Vasile (Covers),moneyline,Florida,,Florida ML
2026-09-29T17:39:43+00:00,2026,5,Florida@Missouri,Julian Edlow (DraftKings Network),total,over,56.5,Over 56.5
2026-09-29T17:39:43+00:00,2026,5,Florida@Missouri,Joey House (Doc's Sports),spread,Florida,-4.5,Florida -4.5
2026-09-29T17:39:43+00:00,2026,5,Florida@Missouri,Chris Amberley (SportsBettingDime),spread,Missouri,5.5,Missouri +5.5
2026-09-29T17:39:43+00:00,2026,5,Auburn@Tennessee,Chris Vasile (Covers),moneyline,Tennessee,,Tennessee ML
2026-09-29T17:39:43+00:00,2026,5,Eastern Michigan@Massachusetts,Chris Vasile (Covers),moneyline,Massachusetts,,Massachusetts ML
2026-09-29T17:39:43+00:00,2026,5,Kentucky@South Carolina,Chris Vasile (Covers),moneyline,Kentucky,,Kentucky ML
2026-09-29T17:39:43+00:00,2026,5,Washington@USC,Chris Gregory (Covers),spread,USC,-9.5,USC -9.5
2026-09-29T17:39:43+00:00,2026,5,Baylor@Arizona State,Julian Edlow (DraftKings Network),spread,Arizona State,-4.0,Arizona State -4
2026-09-29T17:39:43+00:00,2026,5,Baylor@Arizona State,Chris Vasile (Covers),moneyline,Baylor,,Baylor ML
2026-09-29T17:39:43+00:00,2026,5,San José State@Hawai'i,Chris Vasile (Covers),moneyline,San José State,,San José State ML
