run_utc,mode,season,week,group,games,priced,hours_to_first_kick
2026-10-01T21:20+00:00,refresh,2026,5,Cross,3,3,46.2
2026-10-01T21:20+00:00,refresh,2026,5,FBS,56,56,2.7
2026-10-01T21:20+00:00,refresh,2026,5,FCS,55,1,29.2
2026-10-01T21:25+00:00,refresh,2026,5,Cross,3,3,46.1
2026-10-01T21:25+00:00,refresh,2026,5,FBS,56,56,2.6
2026-10-01T21:25+00:00,refresh,2026,5,FCS,55,1,29.1
2026-10-01T21:59+00:00,rebuild,2026,5,Cross,3,3,45.5
2026-10-01T21:59+00:00,rebuild,2026,5,FBS,56,56,2.0
2026-10-01T21:59+00:00,rebuild,2026,5,FCS,55,1,28.5
