written_utc,season,week,away,home,qb_out,starters_out,confidence,spread_open,spread_at_write,total_open,total_at_write,our_number
2026-09-09T06:24:01.583983+00:00,2026,2,Florida A&M,Miami,,,,56.0,56.5,62.5,62.5,57.032
2026-09-09T06:24:01.583983+00:00,2026,2,Villanova,Louisville,,,,36.5,36.5,55.5,56.5,30.212
2026-09-09T06:24:01.583983+00:00,2026,2,Richmond,NC State,,,,30.5,30.5,48.5,48.5,30.842
2026-09-09T06:24:01.583983+00:00,2026,2,Norfolk State,Virginia,,,,44.5,44.5,54.5,54.5,39.432
2026-09-09T06:24:01.583983+00:00,2026,2,Rutgers,Boston College,,,,3.5,3.0,54.5,54.5,8.812
2026-09-09T06:24:01.583983+00:00,2026,2,Missouri,Kansas,,,,-6.75,-5.5,51.25,50.5,-2.998000000000001
2026-09-09T06:24:01.583983+00:00,2026,2,Penn State,Temple,,,,-22.5,-24.0,50.5,49.5,-10.408
2026-09-09T06:24:01.583983+00:00,2026,2,Oklahoma,Michigan,,,,1.5,-5.5,46.0,43.5,-4.6080000000000005
2026-09-09T06:24:01.583983+00:00,2026,2,Washington State,Kansas State,,,,17.5,19.0,50.25,49.0,14.782
2026-09-09T06:24:01.583983+00:00,2026,2,Oregon,Oklahoma State,,,,-20.5,-22.5,59.0,57.5,-22.578000000000003
2026-09-09T06:24:01.583983+00:00,2026,2,Wake Forest,Purdue,,,,-4.0,-3.0,49.75,49.5,-2.3279999999999994
2026-09-09T06:24:01.583983+00:00,2026,2,South Florida,Army,,,,2.5,3.5,51.0,46.5,-6.707999999999998
2026-09-09T06:24:01.583983+00:00,2026,2,Arizona State,Texas A&M,,,,14.25,14.5,51.5,50.5,19.242
2026-09-09T06:24:01.583983+00:00,2026,2,App State,East Carolina,,,,9.75,7.0,56.5,56.5,8.292
2026-09-09T06:24:01.583983+00:00,2026,2,Old Dominion,Virginia Tech,,,,16.25,19.5,51.0,50.0,3.802
2026-09-09T06:24:01.583983+00:00,2026,2,Howard,Indiana,,,,56.5,55.5,64.5,64.5,57.942
2026-09-09T06:24:01.583983+00:00,2026,2,East Tennessee State,North Carolina,,,,,35.5,,53.0,26.502
2026-09-09T06:24:01.583983+00:00,2026,2,Wofford,Kent State,,,,,13.0,,46.5,8.802
2026-09-09T06:24:01.583983+00:00,2026,2,Western Kentucky,Georgia,,,,37.5,41.0,53.25,55.5,36.092
2026-09-09T06:24:01.583983+00:00,2026,2,Colgate,Central Michigan,,,,,25.0,,50.0,20.412
2026-09-09T06:24:01.583983+00:00,2026,2,Holy Cross,Miami (OH),,,,,31.5,,51.5,28.402
2026-09-09T06:24:01.583983+00:00,2026,2,UT Martin,West Virginia,,,,,39.5,,56.5,24.972
2026-09-09T06:24:01.583983+00:00,2026,2,Stony Brook,Ball State,,,,,15.5,,56.5,14.442
2026-09-09T06:24:01.583983+00:00,2026,2,Maryland,UConn,,,,-12.5,-12.5,53.5,52.5,11.392
2026-09-09T06:24:01.583983+00:00,2026,2,UCF,Pittsburgh,,,,8.0,7.0,54.25,57.0,11.762
2026-09-09T06:24:01.583983+00:00,2026,2,Weber State,Colorado,,,,,34.25,,53.5,31.192
2026-09-09T06:24:01.583983+00:00,2026,2,California,Syracuse,,,,0.75,3.5,54.25,56.5,11.562
2026-09-09T06:24:01.583983+00:00,2026,2,Sacred Heart,Massachusetts,,,,,23.5,,54.0,9.061999999999998
2026-09-09T06:24:01.583983+00:00,2026,2,Robert Morris,Akron,,,,,28.5,,43.5,17.392
2026-09-09T06:24:01.583983+00:00,2026,2,Central Connecticut,Toledo,,,,,35.0,,56.5,35.962
2026-09-09T06:24:01.583983+00:00,2026,2,Utah State,Washington,,,,25.5,26.5,56.0,55.5,20.492
2026-09-09T06:24:01.583983+00:00,2026,2,Eastern Michigan,Michigan State,,,,16.25,17.5,51.25,49.5,16.832
2026-09-09T06:24:01.583983+00:00,2026,2,Duke,Illinois,,,,7.25,6.0,53.5,51.5,3.5820000000000003
2026-09-09T06:24:01.583983+00:00,2026,2,Mississippi State,Minnesota,,,,0.75,-1.0,55.5,55.5,1.782
2026-09-09T06:24:01.583983+00:00,2026,2,Alabama,Kentucky,,,,-10.5,-10.5,49.0,49.5,-5.667999999999999
2026-09-09T06:24:01.583983+00:00,2026,2,Wagner,James Madison,,,,,45.5,,56.0,43.472
2026-09-09T06:24:01.583983+00:00,2026,2,UL Monroe,UAB,,,,9.0,10.0,55.25,55.5,13.922
2026-09-09T06:24:01.583983+00:00,2026,2,UTSA,Texas State,,,,0.25,1.5,64.5,66.0,-5.928000000000001
2026-09-09T06:24:01.583983+00:00,2026,2,Rice,Notre Dame,,,,44.5,44.5,53.5,55.25,40.352
2026-09-09T06:24:01.583983+00:00,2026,2,Arizona,BYU,,,,7.0,7.5,50.5,48.0,6.021999999999999
2026-09-09T06:24:01.583983+00:00,2026,2,UNLV,North Texas,,,,-5.5,-3.5,59.25,57.0,9.021999999999998
2026-09-09T06:24:01.583983+00:00,2026,2,Northern Colorado,Wyoming,,,,,23.5,,48.75,23.872
2026-09-09T06:24:01.583983+00:00,2026,2,Alabama State,Troy,,,,,23.0,,53.0,7.922000000000001
2026-09-09T06:24:01.583983+00:00,2026,2,Mercyhurst,New Mexico,,,,,41.5,,53.0,44.462
2026-09-09T06:24:01.583983+00:00,2026,2,UC Davis,SMU,,,,24.5,24.5,58.5,58.5,33.092
2026-09-09T06:24:01.583983+00:00,2026,2,Delaware,Vanderbilt,,,,21.25,20.5,54.5,54.5,28.142000000000003
2026-09-09T06:24:01.583983+00:00,2026,2,Campbell,Florida,,,,,50.0,,67.0,42.952
2026-09-09T06:24:01.583983+00:00,2026,2,Memphis,Boise State,,,,7.0,8.5,55.5,55.0,7.862
2026-09-09T06:24:01.583983+00:00,2026,2,Jacksonville State,Ohio,,,,2.25,2.5,50.0,50.5,-1.3680000000000003
2026-09-09T06:24:01.583983+00:00,2026,2,Gardner-Webb,Liberty,,,,,26.5,,55.0,29.122
2026-09-09T06:24:01.583983+00:00,2026,2,Buffalo,Florida International,,,,10.25,10.5,50.0,47.5,17.692
2026-09-09T06:24:01.583983+00:00,2026,2,Monmouth,Western Michigan,,,,,26.25,,53.25,29.442
2026-09-09T06:24:01.583983+00:00,2026,2,Middle Tennessee,Marshall,,,,15.75,13.5,57.5,57.0,5.802
2026-09-09T06:24:01.583983+00:00,2026,2,South Alabama,Tulane,,,,10.0,9.5,53.0,49.5,12.492
2026-09-09T06:24:01.583983+00:00,2026,2,Illinois State,Northern Illinois,,,,,-3.5,,47.5,-1.9480000000000004
2026-09-09T06:24:01.583983+00:00,2026,2,Towson,South Carolina,,,,,43.0,,55.5,48.852
2026-09-09T06:24:01.583983+00:00,2026,2,Tennessee,Georgia Tech,,,,-11.0,-12.5,55.0,55.5,-8.258
2026-09-09T06:24:01.583983+00:00,2026,2,Western Carolina,Cincinnati,,,,36.5,36.5,60.5,60.5,28.272
2026-09-09T06:24:01.583983+00:00,2026,2,Tulsa,Sam Houston,,,,-12.0,-14.0,52.75,51.5,-0.6379999999999999
2026-09-09T06:24:01.583983+00:00,2026,2,Bowling Green,Nebraska,,,,27.25,28.5,50.25,51.5,20.212
2026-09-09T06:24:01.583983+00:00,2026,2,Southern Utah,Colorado State,,,,,20.5,,57.5,17.752
2026-09-09T06:24:01.583983+00:00,2026,2,Lindenwood,Missouri State,,,,,20.5,,54.0,23.082
2026-09-09T06:24:01.583983+00:00,2026,2,West Georgia,Arkansas State,,,,,,,,35.501999999999995
2026-09-09T06:24:01.583983+00:00,2026,2,Georgia State,Kennesaw State,,,,9.25,9.0,50.75,54.5,16.701999999999998
2026-09-09T06:24:01.583983+00:00,2026,2,Southern,Houston,,,,51.5,50.5,60.5,60.5,35.332
2026-09-09T06:24:01.583983+00:00,2026,2,Western Illinois,Wisconsin,,,,,37.0,,49.5,30.572
2026-09-09T06:24:01.583983+00:00,2026,2,San Diego State,UCLA,,,,10.0,12.0,53.0,55.0,5.122
2026-09-09T06:24:01.583983+00:00,2026,2,Georgia Southern,Clemson,,,,23.75,20.5,56.5,55.5,15.021999999999998
2026-09-09T06:24:01.583983+00:00,2026,2,Ohio State,Texas,,,,2.0,1.5,47.5,49.5,1.9819999999999995
2026-09-09T06:24:01.583983+00:00,2026,2,Louisiana Tech,LSU,,,,32.5,35.5,55.5,56.0,20.802
2026-09-09T06:24:01.583983+00:00,2026,2,Iowa State,Iowa,,,,12.75,14.0,41.25,40.5,12.472
2026-09-09T06:24:01.583983+00:00,2026,2,Texas Tech,Oregon State,,,,-27.0,-26.5,50.5,53.5,-25.428
2026-09-09T06:24:01.583983+00:00,2026,2,Fordham,Coastal Carolina,,,,,32.0,,53.5,30.652
2026-09-09T06:24:01.583983+00:00,2026,2,Navy,Florida Atlantic,,,,-6.0,-4.5,58.25,58.5,-4.2780000000000005
2026-09-09T06:24:01.583983+00:00,2026,2,Charlotte,Ole Miss,,,,47.0,47.5,61.5,61.0,38.682
2026-09-09T06:24:01.583983+00:00,2026,2,Southern Miss,Auburn,,,,29.75,33.0,52.75,57.0,12.912
2026-09-09T06:24:01.583983+00:00,2026,2,Grambling,TCU,,,,,43.5,,54.5,24.242
2026-09-09T06:24:01.583983+00:00,2026,2,Prairie View A&M,Baylor,,,,,38.0,,55.5,17.262
2026-09-09T06:24:01.583983+00:00,2026,2,Cal Poly,San José State,,,,,20.5,,57.5,21.372
2026-09-09T06:24:01.583983+00:00,2026,2,Texas Southern,UTEP,,,,,27.0,,54.0,15.032
2026-09-09T06:24:01.583983+00:00,2026,2,North Dakota State,Air Force,,,,-5.0,-2.5,48.5,47.5,6.552
2026-09-09T06:24:01.583983+00:00,2026,2,Arkansas,Utah,,,,11.25,12.5,55.75,54.75,20.272
2026-09-09T06:24:01.583983+00:00,2026,2,Montana State,Nevada,,,,-4.5,-4.5,49.5,50.5,5.432
2026-09-09T06:24:01.583983+00:00,2026,2,Sacramento State,Fresno State,,,,18.25,18.5,47.25,45.0,20.112
2026-09-09T06:24:01.583983+00:00,2026,2,Louisiana,USC,,,,29.75,30.5,61.75,59.5,21.672
2026-09-09T06:24:01.583983+00:00,2026,2,New Mexico State,Hawai'i,,,,10.75,7.0,51.0,49.5,5.431999999999999
2026-09-13T13:20:00.141366+00:00,2026,3,Syracuse,Pittsburgh,,,,10.5,10.5,59.5,53.5,18.123
2026-09-13T13:20:00.141366+00:00,2026,3,Miami,Wake Forest,,,,-19.5,-22.5,50.5,54.5,-13.307000000000002
2026-09-13T13:20:00.141366+00:00,2026,3,Houston,Texas Tech,,,,13.5,10.0,,,19.263
2026-09-13T13:20:00.141366+00:00,2026,3,Portland State,Oregon,,,,,,,,58.683
2026-09-13T13:20:00.141366+00:00,2026,3,Coastal Carolina,Delaware,,,,,,,,9.303
2026-09-13T13:20:00.141366+00:00,2026,3,Arizona State,Kansas,,,,-5.5,-5.5,56.5,56.5,-6.56
2026-09-13T13:20:00.141366+00:00,2026,3,Buffalo,Penn State,,,,,,,,32.603
2026-09-13T13:20:00.141366+00:00,2026,3,Mercer,Georgia Tech,,,,,,,,27.563
2026-09-13T13:20:00.141366+00:00,2026,3,Kent State,Ohio State,,,,52.5,52.5,56.5,56.5,42.953
2026-09-13T13:20:00.141366+00:00,2026,3,Tulane,Kansas State,,,,,,,,19.443
2026-09-13T13:20:00.141366+00:00,2026,3,North Texas,Texas State,,,,,,,,-6.786999999999999
2026-09-13T13:20:00.141366+00:00,2026,3,Bowling Green,Iowa State,,,,,,,,28.183
2026-09-13T13:20:00.141366+00:00,2026,3,Akron,Minnesota,,,,,,,,12.103
2026-09-13T13:20:00.141366+00:00,2026,3,Georgia,Arkansas,,,,-17.5,-17.5,52.5,52.5,-14.337
2026-09-13T13:20:00.141366+00:00,2026,3,North Carolina,Clemson,,,,9.5,8.5,44.5,44.5,9.233
2026-09-13T13:20:00.141366+00:00,2026,3,Eastern Michigan,Wisconsin,,,,,,,,20.853
2026-09-13T13:20:00.141366+00:00,2026,3,NC State,Vanderbilt,,,,,,,,11.193
2026-09-13T13:20:00.141366+00:00,2026,3,Wyoming,Central Michigan,,,,,,,,11.393
2026-09-13T13:20:00.141366+00:00,2026,3,Southern Illinois,Illinois,,,,,,,,25.283
2026-09-13T13:20:00.141366+00:00,2026,3,Maine,Boston College,,,,,,,,34.893
2026-09-13T13:20:00.141366+00:00,2026,3,Temple,Toledo,,,,,,,,18.923
2026-09-13T13:20:00.141366+00:00,2026,3,Stonehill,Massachusetts,,,,,,,,23.713
2026-09-13T13:20:00.141366+00:00,2026,3,Florida State,Alabama,,,,15.5,17.5,52.5,50.5,23.183
2026-09-13T13:20:00.141366+00:00,2026,3,Wagner,California,,,,,,,,38.053
2026-09-13T13:20:00.141366+00:00,2026,3,SMU,Louisville,,,,1.5,1.5,56.5,58.5,3.222999999999999
2026-09-13T13:20:00.141366+00:00,2026,3,UTEP,Michigan,,,,,,,,25.803
2026-09-13T13:20:00.141366+00:00,2026,3,Utah State,Utah,,,,,,,,28.303
2026-09-13T13:20:00.141366+00:00,2026,3,USC,Rutgers,,,,,,,,-14.027
2026-09-13T13:20:00.141366+00:00,2026,3,Kentucky,Texas A&M,,,,15.5,15.5,48.5,48.5,25.363
2026-09-13T13:20:00.141366+00:00,2026,3,Duquesne,Washington State,,,,,,,,41.863
2026-09-13T13:20:00.141366+00:00,2026,3,Miami (OH),Cincinnati,,,,,,,,18.303
2026-09-13T13:20:00.141366+00:00,2026,3,Ball State,Liberty,,,,,,,,14.623
2026-09-13T13:20:00.141366+00:00,2026,3,Northern Iowa,Iowa,,,,,,,,38.663
2026-09-13T13:20:00.141366+00:00,2026,3,Louisiana Tech,Baylor,,,,,,,,16.933
2026-09-13T13:20:00.141366+00:00,2026,3,Stanford,Duke,,,,,,,,19.633
2026-09-13T13:20:00.141366+00:00,2026,3,Western Kentucky,Indiana,,,,44.5,44.5,59.5,59.5,42.143
2026-09-13T13:20:00.141366+00:00,2026,3,Mississippi State,South Carolina,,,,7.5,5.5,54.5,56.5,8.423
2026-09-13T13:20:00.141366+00:00,2026,3,SE Louisiana,UL Monroe,,,,,,,,14.302999999999995
2026-09-13T13:20:00.141366+00:00,2026,3,Charlotte,App State,,,,,,,,22.513
2026-09-13T13:20:00.141366+00:00,2026,3,Florida International,Florida Atlantic,,,,,,,,-2.946999999999999
2026-09-13T13:20:00.141366+00:00,2026,3,East Carolina,Old Dominion,,,,,,,,9.543
2026-09-13T13:20:00.141366+00:00,2026,3,Marshall,Missouri State,,,,,,,,10.863
2026-09-13T13:20:00.141366+00:00,2026,3,Murray State,Oklahoma State,,,,,,,,36.733
2026-09-13T13:20:00.141366+00:00,2026,3,Ohio,South Alabama,,,,,,,,10.413
2026-09-13T13:20:00.141366+00:00,2026,3,Florida,Auburn,,,,1.5,-2.5,53.5,51.5,5.463000000000001
2026-09-13T13:20:00.141366+00:00,2026,3,Troy,Missouri,,,,,,,,26.493
2026-09-13T13:20:00.141366+00:00,2026,3,Georgia State,UCF,,,,,,,,16.163
2026-09-13T13:20:00.141366+00:00,2026,3,UConn,Southern Miss,,,,,,,,6.493
2026-09-13T13:20:00.141366+00:00,2026,3,Western Michigan,Rice,,,,,,,,-8.177
2026-09-13T13:20:00.141366+00:00,2026,3,Nevada,Middle Tennessee,,,,,,,,4.743
2026-09-13T13:20:00.141366+00:00,2026,3,Nicholls,Sam Houston,,,,,,,,18.343
2026-09-13T13:20:00.141366+00:00,2026,3,Delaware State,South Florida,,,,,,,,35.953
2026-09-13T13:20:00.141366+00:00,2026,3,Georgia Southern,Jacksonville State,,,,,,,,8.273
2026-09-13T13:20:00.141366+00:00,2026,3,UT Martin,Memphis,,,,,,,,35.873
2026-09-13T13:20:00.141366+00:00,2026,3,Eastern Washington,Washington,,,,,,,,37.763000000000005
2026-09-13T13:20:00.141366+00:00,2026,3,North Dakota,Nebraska,,,,,,,,25.513
2026-09-13T13:20:00.141366+00:00,2026,3,BYU,Colorado State,,,,,,,,-10.527
2026-09-13T13:20:00.141366+00:00,2026,3,New Mexico,Oklahoma,,,,,,,,19.513
2026-09-13T13:20:00.141366+00:00,2026,3,West Virginia,Virginia,,,,8.5,9.5,50.5,53.5,12.14
2026-09-13T13:20:00.141366+00:00,2026,3,Colorado,Northwestern,,,,4.5,3.0,45.5,45.5,9.913
2026-09-13T13:20:00.141366+00:00,2026,3,Virginia Tech,Maryland,,,,-1.5,-3.0,53.5,54.5,7.223
2026-09-13T13:20:00.141366+00:00,2026,3,Michigan State,Notre Dame,,,,29.5,29.5,53.5,53.5,29.103
2026-09-13T13:20:00.141366+00:00,2026,3,LSU,Ole Miss,,,,1.5,-2.5,57.5,58.5,6.4030000000000005
2026-09-13T13:20:00.141366+00:00,2026,3,Kennesaw State,Tennessee,,,,,,,,28.353
2026-09-13T13:20:00.141366+00:00,2026,3,Arkansas State,TCU,,,,,,,,20.603
2026-09-13T13:20:00.141366+00:00,2026,3,UAB,Louisiana,,,,,,,,17.793
2026-09-13T13:20:00.141366+00:00,2026,3,UTSA,Texas,,,,29.5,29.5,57.5,57.5,21.343
2026-09-13T13:20:00.141366+00:00,2026,3,East Texas A&M,Tulsa,,,,,,,,27.763
2026-09-13T13:20:00.141366+00:00,2026,3,South Dakota,Boise State,,,,,,,,26.553
2026-09-13T13:20:00.141366+00:00,2026,3,James Madison,San Diego State,,,,,,,,-3.527000000000001
2026-09-13T13:20:00.141366+00:00,2026,3,North Dakota State,Sacramento State,,,,,,,,-11.127000000000002
2026-09-13T13:20:00.141366+00:00,2026,3,Northern Illinois,Arizona,,,,,,,,29.443
2026-09-13T13:20:00.141366+00:00,2026,3,Fresno State,San José State,,,,,,,,-3.036999999999999
2026-09-13T13:20:00.141366+00:00,2026,3,Montana,Oregon State,,,,,,,,14.183
2026-09-13T13:20:00.141366+00:00,2026,3,Purdue,UCLA,,,,,,,,15.943
2026-09-20T13:04:29.117750+00:00,2026,4,Liberty,Coastal Carolina,,,,,,,,3.802
2026-09-20T13:04:29.117750+00:00,2026,4,Army,Temple,,,,,,,,7.412
2026-09-20T13:04:29.117750+00:00,2026,4,Howard,Rutgers,,,,,,,,28.552000000000003
2026-09-20T13:04:29.117750+00:00,2026,4,Navy,UAB,,,,,,,,4.291999999999999
2026-09-20T13:04:29.117750+00:00,2026,4,Northwestern,Indiana,,,,23.5,23.5,47.5,47.5,24.032
2026-09-20T13:04:29.117750+00:00,2026,4,Clemson,California,,,,,,,,2.1420000000000003
2026-09-20T13:04:29.117750+00:00,2026,4,Wake Forest,Louisville,,,,13.5,13.5,58.5,58.5,16.122
2026-09-20T13:04:29.117750+00:00,2026,4,San Diego State,Toledo,,,,,,,,14.172
2026-09-20T13:04:29.117750+00:00,2026,4,Bucknell,Pittsburgh,,,,,,,,47.172
2026-09-20T13:04:29.117750+00:00,2026,4,Ball State,Kent State,,,,,,,,8.152000000000001
2026-09-20T13:04:29.117750+00:00,2026,4,UNLV,Akron,,,,,,,,0.0019999999999997
2026-09-20T13:04:29.117750+00:00,2026,4,Texas,Tennessee,,,,-6.5,-5.5,56.5,56.5,6.772000000000001
2026-09-20T13:04:29.117750+00:00,2026,4,Illinois,Ohio State,,,,27.5,27.0,54.5,53.0,26.112
2026-09-20T13:04:29.117750+00:00,2026,4,Virginia Tech,Boston College,,,,,,,,-6.288000000000001
2026-09-20T13:04:29.117750+00:00,2026,4,Sam Houston,Texas Tech,,,,,,,,32.681999999999995
2026-09-20T13:04:29.117750+00:00,2026,4,Colorado,Baylor,,,,,,,,16.502
2026-09-20T13:04:29.117750+00:00,2026,4,Colorado State,UTSA,,,,,,,,19.172
2026-09-20T13:04:29.117750+00:00,2026,4,South Alabama,Kentucky,,,,,,,,20.782
2026-09-20T13:04:29.117750+00:00,2026,4,Lindenwood,Eastern Michigan,,,,,,,,18.642
2026-09-20T13:04:29.117750+00:00,2026,4,UCLA,Maryland,,,,-1.5,-1.5,51.5,51.5,7.391999999999999
2026-09-20T13:04:29.117750+00:00,2026,4,Northern Illinois,Georgia State,,,,,,,,14.632
2026-09-20T13:04:29.117750+00:00,2026,4,Notre Dame,Purdue,,,,-27.5,-27.5,56.5,56.5,-19.958
2026-09-20T13:04:29.117750+00:00,2026,4,Central Arkansas,Florida State,,,,,,,,40.002
2026-09-20T13:04:29.117750+00:00,2026,4,Hawai'i,Wyoming,,,,,,,,2.6519999999999984
2026-09-20T13:04:29.117750+00:00,2026,4,Ole Miss,Florida,,,,1.5,1.5,57.5,58.5,7.721999999999999
2026-09-20T13:04:29.117750+00:00,2026,4,Stonehill,Ohio,,,,,,,,34.632
2026-09-20T13:04:29.117750+00:00,2026,4,Robert Morris,Buffalo,,,,,,,,22.952
2026-09-20T13:04:29.117750+00:00,2026,4,New Mexico,New Mexico State,,,,,,,,-6.728000000000001
2026-09-20T13:04:29.117750+00:00,2026,4,UConn,Miami (OH),,,,,,,,0.5919999999999996
2026-09-20T13:04:29.117750+00:00,2026,4,Oklahoma,Georgia,,,,10.0,11.5,52.5,47.0,18.892
2026-09-20T13:04:29.117750+00:00,2026,4,William & Mary,Duke,,,,,,,,43.082
2026-09-20T13:04:29.117750+00:00,2026,4,Iowa,Michigan,,,,4.5,5.0,39.5,37.0,2.752
2026-09-20T13:04:29.117750+00:00,2026,4,Gardner-Webb,Marshall,,,,,,,,20.512
2026-09-20T13:04:29.117750+00:00,2026,4,Boise State,Western Michigan,,,,-7.5,-7.5,47.5,47.5,5.032
2026-09-20T13:04:29.117750+00:00,2026,4,Utah,Iowa State,,,,-11.5,-11.5,49.5,49.5,-0.128000000000001
2026-09-20T13:04:29.117750+00:00,2026,4,TCU,UCF,,,,,,,,2.3520000000000003
2026-09-20T13:04:29.117750+00:00,2026,4,North Carolina Central,East Carolina,,,,,,,,32.062
2026-09-20T13:04:29.117750+00:00,2026,4,Houston,Georgia Southern,,,,,,,,-6.508
2026-09-20T13:04:29.117750+00:00,2026,4,Vanderbilt,Auburn,,,,8.5,9.5,50.5,52.5,6.0520000000000005
2026-09-20T13:04:29.117750+00:00,2026,4,South Florida,Bowling Green,,,,,,,,-21.108
2026-09-20T13:04:29.117750+00:00,2026,4,Nebraska,Michigan State,,,,-5.5,-4.5,52.5,49.5,0.2519999999999998
2026-09-20T13:04:29.117750+00:00,2026,4,Wisconsin,Penn State,,,,11.5,11.0,42.5,44.0,17.752
2026-09-20T13:04:29.117750+00:00,2026,4,Delaware,Virginia,,,,,,,,22.242
2026-09-20T13:04:29.117750+00:00,2026,4,Long Island University,Florida International,,,,,,,,38.732
2026-09-20T13:04:29.117750+00:00,2026,4,Incarnate Word,Texas State,,,,,,,,21.472
2026-09-20T13:04:29.117750+00:00,2026,4,James Madison,Old Dominion,,,,,,,,-4.918
2026-09-20T13:04:29.117750+00:00,2026,4,Louisiana,Charlotte,,,,,,,,-1.878000000000001
2026-09-20T13:04:29.117750+00:00,2026,4,Central Michigan,Miami,,,,42.5,42.5,54.5,54.5,40.312
2026-09-20T13:04:29.117750+00:00,2026,4,Kansas State,Cincinnati,,,,,,,,1.902
2026-09-20T13:04:29.117750+00:00,2026,4,Oklahoma State,West Virginia,,,,-2.5,-1.5,57.5,58.5,11.362
2026-09-20T13:04:29.117750+00:00,2026,4,Middle Tennessee,Jacksonville State,,,,,,,,13.162
2026-09-20T13:04:29.117750+00:00,2026,4,Kennesaw State,Arkansas State,,,,,,,,8.322
2026-09-20T13:04:29.117750+00:00,2026,4,Southern Miss,Tulane,,,,,,,,16.082
2026-09-20T13:04:29.117750+00:00,2026,4,South Carolina,Alabama,,,,11.5,11.0,46.5,51.5,18.742
2026-09-20T13:04:29.117750+00:00,2026,4,Mercyhurst,Western Kentucky,,,,,,,,30.622
2026-09-20T13:04:29.117750+00:00,2026,4,App State,NC State,,,,,,,,18.592
2026-09-20T13:04:29.117750+00:00,2026,4,Houston Christian,North Texas,,,,,,,,36.702
2026-09-20T13:04:29.117750+00:00,2026,4,Oregon,USC,,,,-5.5,1.5,58.5,61.5,3.6019999999999994
2026-09-20T13:04:29.117750+00:00,2026,4,Troy,Utah State,,,,,,,,5.442
2026-09-20T13:04:29.117750+00:00,2026,4,Texas A&M,LSU,,,,3.0,8.5,57.5,53.5,5.5520000000000005
2026-09-20T13:04:29.117750+00:00,2026,4,Arizona,Washington State,,,,,,,,0.4819999999999993
2026-09-20T13:04:29.117750+00:00,2026,4,Missouri,Mississippi State,,,,1.5,2.25,56.5,58.0,8.992
2026-09-20T13:04:29.117750+00:00,2026,4,Florida Atlantic,UL Monroe,,,,,,,,1.842
2026-09-20T13:04:29.117750+00:00,2026,4,Tulsa,Arkansas,,,,,,,,7.242
2026-09-20T13:04:29.117750+00:00,2026,4,Oregon State,UTEP,,,,,,,,-3.688
2026-09-20T13:04:29.117750+00:00,2026,4,Missouri State,SMU,,,,,,,,30.942
2026-09-20T13:04:29.117750+00:00,2026,4,Massachusetts,Sacramento State,,,,,,,,-6.458000000000001
2026-09-20T13:04:29.117750+00:00,2026,4,Rice,Fresno State,,,,,,,,20.582
2026-09-20T13:04:29.117750+00:00,2026,4,Georgia Tech,Stanford,,,,,,,,-3.7079999999999993
2026-09-20T13:04:29.117750+00:00,2026,4,Air Force,Nevada,,,,,,,,7.132000000000001
2026-09-20T13:04:29.117750+00:00,2026,4,Minnesota,Washington,,,,9.5,8.5,44.5,46.0,12.611999999999998
2026-09-22T19:01:29.044419+00:00,2026,4,TCU,UCF,home,1,reported,-3.0,-3.0,50.0,48.5,2.3130000000000006
2026-09-22T19:01:29.044419+00:00,2026,4,Nebraska,Michigan State,none,1,confirmed,-5.5,-5.5,50.5,48.5,0.2030000000000003
2026-09-22T19:01:29.044419+00:00,2026,4,Wisconsin,Penn State,none,2,reported,10.75,10.0,44.5,44.5,17.703
2026-09-22T19:01:29.044419+00:00,2026,4,Oregon,USC,none,2,confirmed,-4.0,-3.0,60.25,62.0,3.5729999999999995
2026-09-22T19:01:29.044419+00:00,2026,4,Tulsa,Arkansas,away,1,reported,7.75,7.0,52.75,50.5,7.213
2026-09-27T14:01:51.189727+00:00,2026,5,Western Kentucky,New Mexico State,,,,,,,,0.4940000000000006
2026-09-27T14:01:51.189727+00:00,2026,5,North Texas,Tulsa,,,,,,,,-4.795999999999999
2026-09-27T14:01:51.189727+00:00,2026,5,Pittsburgh,Virginia Tech,,,,5.5,6.0,56.5,53.5,1.0440000000000005
2026-09-27T14:01:51.189727+00:00,2026,5,Liberty,Delaware,,,,,,,,-1.8760000000000008
2026-09-27T14:01:51.189727+00:00,2026,5,Penn State,Northwestern,,,,-7.0,-4.5,48.5,48.5,3.774
2026-09-27T14:01:51.189727+00:00,2026,5,Boston College,SMU,,,,,,,,23.944000000000003
2026-09-27T14:01:51.189727+00:00,2026,5,Navy,Air Force,,,,,,,,8.114
2026-09-27T14:01:51.189727+00:00,2026,5,West Virginia,Iowa State,,,,,,,,15.214
2026-09-27T14:01:51.189727+00:00,2026,5,Middle Tennessee,Kansas,,,,,,,,16.424
2026-09-27T14:01:51.189727+00:00,2026,5,Michigan,Minnesota,,,,-8.5,-7.5,44.5,42.5,2.5440000000000005
2026-09-27T14:01:51.189727+00:00,2026,5,UCF,Houston,,,,,,,,12.664
2026-09-27T14:01:51.189727+00:00,2026,5,Notre Dame,North Carolina,,,,-23.5,-21.5,55.5,50.5,-14.016
2026-09-27T14:01:51.189727+00:00,2026,5,Alabama,Mississippi State,,,,-3.0,-4.5,58.5,59.5,-3.305999999999999
2026-09-27T14:01:51.189727+00:00,2026,5,Stanford,Wake Forest,,,,,,,,17.654
2026-09-27T14:01:51.189727+00:00,2026,5,Syracuse,UConn,,,,,,,,10.404
2026-09-27T14:01:51.189727+00:00,2026,5,Michigan State,Wisconsin,,,,10.0,10.0,44.5,44.5,13.854
2026-09-27T14:01:51.189727+00:00,2026,5,Vanderbilt,Georgia,,,,23.5,24.5,57.5,54.5,24.104
2026-09-27T14:01:51.189727+00:00,2026,5,Western Michigan,Buffalo,,,,,,,,-6.876
2026-09-27T14:01:51.189727+00:00,2026,5,Toledo,Ball State,,,,,,,,-13.786
2026-09-27T14:01:51.189727+00:00,2026,5,Old Dominion,Georgia State,,,,,,,,7.264
2026-09-27T14:01:51.189727+00:00,2026,5,Akron,Central Michigan,,,,,,,,9.434
2026-09-27T14:01:51.189727+00:00,2026,5,Louisville,NC State,,,,-7.5,-6.5,59.5,59.5,4.864
2026-09-27T14:01:51.189727+00:00,2026,5,Ohio State,Iowa,,,,-14.0,-14.0,44.5,44.5,-2.786
2026-09-27T14:01:51.189727+00:00,2026,5,Samford,UAB,,,,,,,,27.834000000000003
2026-09-27T14:01:51.189727+00:00,2026,5,Eastern Michigan,Massachusetts,,,,,,,,12.464
2026-09-27T14:01:51.189727+00:00,2026,5,Florida,Missouri,,,,-2.5,-5.5,53.5,56.5,0.3439999999999994
2026-09-27T14:01:51.189727+00:00,2026,5,Bowling Green,Miami (OH),,,,,,,,18.344
2026-09-27T14:01:51.189727+00:00,2026,5,Virginia,Florida State,,,,-1.5,-3.0,51.5,51.5,2.313999999999999
2026-09-27T14:01:51.189727+00:00,2026,5,Wyoming,North Dakota State,,,,,,,,12.114
2026-09-27T14:01:51.189727+00:00,2026,5,California,UNLV,,,,,,,,9.494
2026-09-27T14:01:51.189727+00:00,2026,5,Memphis,Charlotte,,,,,,,,-13.346000000000002
2026-09-27T14:01:51.189727+00:00,2026,5,Auburn,Tennessee,,,,7.5,7.5,57.5,56.5,14.034
2026-09-27T14:01:51.189727+00:00,2026,5,Ohio,Kent State,,,,,,,,-2.7059999999999995
2026-09-27T14:01:51.189727+00:00,2026,5,Marshall,James Madison,,,,,,,,27.224
2026-09-27T14:01:51.189727+00:00,2026,5,UTEP,New Mexico,,,,,,,,27.714
2026-09-27T14:01:51.189727+00:00,2026,5,Maryland,Nebraska,,,,,,,,24.594
2026-09-27T14:01:51.189727+00:00,2026,5,Purdue,Illinois,,,,,,,,19.694000000000003
2026-09-27T14:01:51.189727+00:00,2026,5,Kentucky,South Carolina,,,,7.0,3.5,49.5,51.5,5.604
2026-09-27T14:01:51.189727+00:00,2026,5,Oregon State,Colorado State,,,,,,,,-2.616000000000001
2026-09-27T14:01:51.189727+00:00,2026,5,Texas Southern,Florida Atlantic,,,,,,,,30.564
2026-09-27T14:01:51.189727+00:00,2026,5,Georgia Southern,Coastal Carolina,,,,,,,,0.7040000000000006
2026-09-27T14:01:51.189727+00:00,2026,5,UTSA,Rice,,,,,,,,-9.196
2026-09-27T14:01:51.189727+00:00,2026,5,UL Monroe,South Alabama,,,,,,,,21.754000000000005
2026-09-27T14:01:51.189727+00:00,2026,5,Arkansas,Texas A&M,,,,,,,,17.564
2026-09-27T14:01:51.189727+00:00,2026,5,BYU,TCU,,,,-5.5,-6.5,52.5,52.5,4.484000000000001
2026-09-27T14:01:51.189727+00:00,2026,5,Miami,Clemson,,,,-7.0,-18.5,55.5,51.5,-10.255999999999998
2026-09-27T14:01:51.189727+00:00,2026,5,Utah State,Boise State,,,,,,,,19.004
2026-09-27T14:01:51.189727+00:00,2026,5,Washington,USC,,,,10.0,10.0,57.5,57.5,11.934
2026-09-27T14:01:51.189727+00:00,2026,5,Temple,South Florida,,,,,,,,21.194000000000003
2026-09-27T14:01:51.189727+00:00,2026,5,Texas Tech,Colorado,,,,,,,,-13.996
2026-09-27T14:01:51.189727+00:00,2026,5,Army,Louisiana Tech,,,,,,,,5.964
2026-09-27T14:01:51.189727+00:00,2026,5,McNeese,LSU,,,,,,,,46.544
2026-09-27T14:01:51.189727+00:00,2026,5,Arkansas State,Louisiana,,,,,,,,8.924
2026-09-27T14:01:51.189727+00:00,2026,5,Indiana,Rutgers,,,,-23.5,-23.5,53.5,54.5,-16.235999999999997
2026-09-27T14:01:51.189727+00:00,2026,5,Fresno State,Washington State,,,,,,,,8.464
2026-09-27T14:01:51.189727+00:00,2026,5,Baylor,Arizona State,,,,,,,,7.294
2026-09-27T14:01:51.189727+00:00,2026,5,Texas State,San Diego State,,,,,,,,1.2540000000000004
2026-09-27T14:01:51.189727+00:00,2026,5,Cincinnati,Arizona,,,,8.5,8.5,54.5,54.5,11.904
2026-09-27T14:01:51.189727+00:00,2026,5,San José State,Hawai'i,,,,,,,,7.853999999999999
2026-09-29T17:39:41.710054+00:00,2026,5,Notre Dame,North Carolina,none,1,reported,-22.5,-21.0,51.75,47.0,-14.017
2026-09-29T17:39:41.710054+00:00,2026,5,Middle Tennessee,Kansas,home,3,reported,20.75,18.5,51.5,49.5,16.423
2026-09-29T17:39:41.710054+00:00,2026,5,UCF,Houston,away,2,reported,12.0,12.0,51.5,51.5,12.663
2026-09-29T17:39:41.710054+00:00,2026,5,Michigan State,Wisconsin,none,1,reported,10.25,10.0,44.5,43.5,13.853
2026-09-29T17:39:41.710054+00:00,2026,5,Kentucky,South Carolina,none,1,confirmed,5.0,2.5,51.5,53.5,5.603
2026-09-29T17:39:41.710054+00:00,2026,5,Miami,Clemson,none,1,reported,-12.0,-16.5,52.25,47.5,-10.266999999999996
2026-10-01T21:06:14.547188+00:00,2026,5,Montana State,Idaho,,,,-15.5,-17.5,57.5,58.5,-13.687000000000005
2026-10-01T21:06:14.547188+00:00,2026,5,Wagner,Central Connecticut,,,,,,,,13.073
2026-10-01T21:06:14.547188+00:00,2026,5,Mercyhurst,Long Island University,,,,,,,,8.702999999999996
2026-10-01T21:06:14.547188+00:00,2026,5,Merrimack,Yale,,,,,,,,21.843
2026-10-01T21:06:14.547188+00:00,2026,5,Brown,Rhode Island,,,,,,,,7.483
2026-10-01T21:06:14.547188+00:00,2026,5,Princeton,Columbia,,,,,,,,2.2529999999999992
2026-10-01T21:06:14.547188+00:00,2026,5,Fordham,Lehigh,,,,,,,,28.693000000000005
2026-10-01T21:06:14.547188+00:00,2026,5,Cornell,Georgetown,,,,,,,,-3.447
2026-10-01T21:06:14.547188+00:00,2026,5,Richmond,Lafayette,,,,,,,,5.5829999999999975
2026-10-01T21:06:14.547188+00:00,2026,5,Dayton,Drake,,,,,,,,-2.647000000000003
2026-10-01T21:06:14.547188+00:00,2026,5,St. Thomas (MN),Presbyterian,,,,,,,,-8.917000000000002
2026-10-01T21:06:14.547188+00:00,2026,5,Marist,Stetson,,,,,,,,-6.6770000000000005
2026-10-01T21:06:14.547188+00:00,2026,5,Morgan State,Villanova,,,,,,,,2.0729999999999995
2026-10-01T21:06:14.547188+00:00,2026,5,Elon,New Hampshire,,,,,,,,-6.997000000000001
2026-10-01T21:06:14.547188+00:00,2026,5,Valparaiso,Morehead State,,,,,,,,5.883000000000002
2026-10-01T21:06:14.547188+00:00,2026,5,Towson,Monmouth,,,,,,,,14.043
2026-10-01T21:06:14.547188+00:00,2026,5,Mercer,VMI,,,,,,,,-17.217000000000002
2026-10-01T21:06:14.547188+00:00,2026,5,Pennsylvania,Dartmouth,,,,,,,,8.443000000000001
2026-10-01T21:06:14.547188+00:00,2026,5,The Citadel,South Carolina State,,,,,,,,32.443
2026-10-01T21:06:14.547188+00:00,2026,5,Wofford,Furman,,,,,,,,8.123000000000001
2026-10-01T21:06:14.547188+00:00,2026,5,Norfolk State,Robert Morris,,,,,,,,0.7329999999999997
2026-10-01T21:06:14.547188+00:00,2026,5,Murray State,North Dakota,,,,,,,,35.083
2026-10-01T21:06:14.547188+00:00,2026,5,Indiana State,South Dakota,,,,,,,,19.083
2026-10-01T21:06:14.547188+00:00,2026,5,Howard,Hampton,,,,,,,,-7.150000000000006
2026-10-01T21:06:14.547188+00:00,2026,5,Alcorn State,Grambling,,,,,,,,10.723000000000004
2026-10-01T21:06:14.547188+00:00,2026,5,Prairie View A&M,Mississippi Valley State,,,,,,,,-14.027
2026-10-01T21:06:14.547188+00:00,2026,5,Holy Cross,William & Mary,,,,,,,,6.192999999999997
2026-10-01T21:06:14.547188+00:00,2026,5,Chattanooga,East Tennessee State,,,,,,,,6.123
2026-10-01T21:06:14.547188+00:00,2026,5,Delaware State,UAlbany,,,,,,,,1.2629999999999972
2026-10-01T21:06:14.547188+00:00,2026,5,Sacred Heart,Maine,,,,,,,,0.1730000000000009
2026-10-01T21:06:14.547188+00:00,2026,5,Alabama State,Bethune-Cookman,,,,,,,,-0.2970000000000015
2026-10-01T21:06:14.547188+00:00,2026,5,Davidson,San Diego,,,,,,,,15.503
2026-10-01T21:06:14.547188+00:00,2026,5,Tennessee State,Western Illinois,,,,,,,,17.063
2026-10-01T21:06:14.547188+00:00,2026,5,Northern Colorado,Montana,,,,,,,,24.033
2026-10-01T21:06:14.547188+00:00,2026,5,New Haven,Austin Peay,,,,,,,,30.483
2026-10-01T21:06:14.547188+00:00,2026,5,Alabama A&M,Jackson State,,,,,,,,8.910000000000002
2026-10-01T21:06:14.547188+00:00,2026,5,Youngstown State,Southern Illinois,,,,,,,,3.173000000000001
2026-10-01T21:06:14.547188+00:00,2026,5,North Alabama,Eastern Kentucky,,,,,,,,1.1330000000000018
2026-10-01T21:06:14.547188+00:00,2026,5,Tennessee Tech,Western Carolina,,,,,,,,-3.067000000000001
2026-10-01T21:06:14.547188+00:00,2026,5,Incarnate Word,Stephen F. Austin,,,,,,,,28.003
2026-10-01T21:06:14.547188+00:00,2026,5,Gardner-Webb,Charleston Southern,,,,,,,,6.083000000000001
2026-10-01T21:06:14.547188+00:00,2026,5,Campbell,North Carolina Central,,,,,,,,3.8130000000000015
2026-10-01T21:06:14.547188+00:00,2026,5,North Carolina A&T,Bryant,,,,,,,,16.853
2026-10-01T21:06:14.547188+00:00,2026,5,Northwestern State,Lamar,,,,,,,,31.923
2026-10-01T21:06:14.547188+00:00,2026,5,Nicholls,Houston Christian,,,,,,,,13.783
2026-10-01T21:06:14.547188+00:00,2026,5,Colgate,Harvard,,,,,,,,12.063000000000002
2026-10-01T21:06:14.547188+00:00,2026,5,South Dakota State,Illinois State,,,,,,,,9.622999999999998
2026-10-01T21:06:14.547188+00:00,2026,5,UT Rio Grande Valley,East Texas A&M,,,,,,,,-7.226999999999998
2026-10-01T21:06:14.547188+00:00,2026,5,Arkansas-Pine Bluff,Southern,,,,,,,,6.573
2026-10-01T21:06:14.547188+00:00,2026,5,Chicago State,Tarleton State,,,,,,,,
2026-10-01T21:06:14.547188+00:00,2026,5,Southern Utah,Utah Tech,,,,,,,,-9.067
2026-10-01T21:06:14.547188+00:00,2026,5,Northern Arizona,Idaho State,,,,,,,,15.553
2026-10-01T21:06:14.547188+00:00,2026,5,Weber State,Cal Poly,,,,,,,,11.043000000000005
2026-10-01T21:06:14.547188+00:00,2026,5,West Florida,Abilene Christian,,,,,,,,
2026-10-01T21:06:14.547188+00:00,2026,5,Eastern Washington,UC Davis,,,,,,,,10.343
2026-10-04T14:06:29.502463+00:00,2026,6,Southern Miss,Troy,,,,8.5,9.5,48.5,48.5,10.091999999999999
2026-10-04T14:06:29.502463+00:00,2026,6,Jacksonville State,Kennesaw State,,,,-2.5,-3.0,48.5,49.5,7.422
2026-10-04T14:06:29.502463+00:00,2026,6,New Mexico State,Florida International,,,,3.5,4.0,47.5,48.0,11.442
2026-10-04T14:06:29.502463+00:00,2026,6,Missouri State,Western Kentucky,,,,,,,,6.111999999999999
2026-10-04T14:06:29.502463+00:00,2026,6,Sam Houston,Liberty,,,,,,,,16.092
2026-10-04T14:06:29.502463+00:00,2026,6,South Florida,UTSA,,,,,,,,2.202
2026-10-04T14:06:29.502463+00:00,2026,6,South Alabama,Arkansas State,,,,,,,,9.161999999999999
2026-10-04T14:06:29.502463+00:00,2026,6,Florida State,Louisville,,,,,,,,3.8419999999999987
2026-10-04T14:06:29.502463+00:00,2026,6,Columbia,Marist,,,,,,,,17.502000000000002
2026-10-04T14:06:29.502463+00:00,2026,6,Washington State,Utah State,,,,,,,,4.811999999999999
2026-10-04T14:06:29.502463+00:00,2026,6,Iowa,Washington,,,,1.5,1.5,41.5,41.5,0.742
2026-10-04T14:06:29.502463+00:00,2026,6,Wyoming,San José State,,,,,,,,8.602
2026-10-04T14:06:29.502463+00:00,2026,6,Iowa State,BYU,,,,14.5,14.5,50.5,50.5,11.712
2026-10-04T14:06:29.502463+00:00,2026,6,Dartmouth,Yale,,,,,,,,10.852
2026-10-04T14:06:29.502463+00:00,2026,6,Princeton,Wagner,,,,,,,,-12.557999999999996
2026-10-04T14:06:29.502463+00:00,2026,6,New Hampshire,North Carolina A&T,,,,,,,,0.42200000000000326
2026-10-04T14:06:29.502463+00:00,2026,6,Stonehill,Sacred Heart,,,,,,,,14.971999999999998
2026-10-04T14:06:29.502463+00:00,2026,6,Bryant,Brown,,,,,,,,12.142
2026-10-04T14:06:29.502463+00:00,2026,6,Robert Morris,Morgan State,,,,,,,,15.912000000000003
2026-10-04T14:06:29.502463+00:00,2026,6,UCF,Oklahoma State,,,,,,,,3.032
2026-10-04T14:06:29.502463+00:00,2026,6,Arizona,West Virginia,,,,,,,,-4.178
2026-10-04T14:06:29.502463+00:00,2026,6,Wake Forest,NC State,,,,,,,,3.252
2026-10-04T14:06:29.502463+00:00,2026,6,Texas A&M,Missouri,,,,1.5,1.5,50.5,50.5,6.981999999999998
2026-10-04T14:06:29.502463+00:00,2026,6,North Carolina,Pittsburgh,,,,,,,,12.102
2026-10-04T14:06:29.502463+00:00,2026,6,Indiana,Nebraska,,,,-9.5,-8.5,50.5,50.5,-4.1880000000000015
2026-10-04T14:06:29.502463+00:00,2026,6,Sacramento State,Bowling Green,,,,,,,,24.512
2026-10-04T14:06:29.502463+00:00,2026,6,Morehead State,Dayton,,,,,,,,23.171999999999997
2026-10-04T14:06:29.502463+00:00,2026,6,Tulane,Army,,,,,,,,4.401999999999999
2026-10-04T14:06:29.502463+00:00,2026,6,Bucknell,Georgetown,,,,,,,,5.832
2026-10-04T14:06:29.502463+00:00,2026,6,Ball State,Northwestern,,,,,,,,33.972
2026-10-04T14:06:29.502463+00:00,2026,6,South Carolina,Florida,,,,14.5,14.5,57.5,57.5,14.001999999999999
2026-10-04T14:06:29.502463+00:00,2026,6,San Diego,Butler,,,,,,,,17.041999999999998
2026-10-04T14:06:29.502463+00:00,2026,6,Howard,Pennsylvania,,,,,,,,15.681999999999999
2026-10-04T14:06:29.502463+00:00,2026,6,Samford,Chattanooga,,,,,,,,18.192
2026-10-04T14:06:29.502463+00:00,2026,6,William & Mary,North Carolina Central,,,,,,,,13.961999999999996
2026-10-04T14:06:29.502463+00:00,2026,6,Old Dominion,App State,,,,,,,,10.001999999999999
2026-10-04T14:06:29.502463+00:00,2026,6,Long Island University,Duquesne,,,,,,,,12.562000000000005
2026-10-04T14:06:29.502463+00:00,2026,6,Youngstown State,Indiana State,,,,,,,,-10.687999999999999
2026-10-04T14:06:29.502463+00:00,2026,6,Harvard,Cornell,,,,,,,,2.242
2026-10-04T14:06:29.502463+00:00,2026,6,East Tennessee State,The Citadel,,,,,,,,-2.658000000000002
2026-10-04T14:06:29.502463+00:00,2026,6,Southern Illinois,South Dakota,,,,,,,,11.592000000000002
2026-10-04T14:06:29.502463+00:00,2026,6,Wofford,Elon,,,,,,,,9.602
2026-10-04T14:06:29.502463+00:00,2026,6,Drake,Valparaiso,,,,,,,,7.272000000000001
2026-10-04T14:06:29.502463+00:00,2026,6,Southeast Missouri State,Lindenwood,,,,,,,,1.8220000000000018
2026-10-04T14:06:29.502463+00:00,2026,6,Stetson,St. Thomas (MN),,,,,,,,21.212
2026-10-04T14:06:29.502463+00:00,2026,6,Miami (OH),Massachusetts,,,,,,,,0.34199999999999964
2026-10-04T14:06:29.502463+00:00,2026,6,Western Carolina,Mercer,,,,,,,,10.632000000000001
2026-10-04T14:06:29.502463+00:00,2026,6,Idaho,Weber State,,,,,,,,4.762
2026-10-04T14:06:29.502463+00:00,2026,6,Southern,Prairie View A&M,,,,,,,,17.662000000000003
2026-10-04T14:06:29.502463+00:00,2026,6,Mississippi Valley State,Texas Southern,,,,,,,,7.582
2026-10-04T14:06:29.502463+00:00,2026,6,Houston,Kansas State,,,,,,,,2.631999999999999
2026-10-04T14:06:29.502463+00:00,2026,6,Ole Miss,Vanderbilt,,,,,,,,3.861999999999999
2026-10-04T14:06:29.502463+00:00,2026,6,Tulsa,Navy,,,,,,,,1.8419999999999987
2026-10-04T14:06:29.502463+00:00,2026,6,Texas,Oklahoma,,,,-6.0,-9.0,48.5,41.0,-7.859999999999999
2026-10-04T14:06:29.502463+00:00,2026,6,Charlotte,North Texas,,,,,,,,35.822
2026-10-04T14:06:29.502463+00:00,2026,6,Kent State,Western Michigan,,,,,,,,18.242
2026-10-04T14:06:29.502463+00:00,2026,6,Virginia Tech,California,,,,,,,,1.1919999999999993
2026-10-04T14:06:29.502463+00:00,2026,6,UCLA,Oregon,,,,12.5,12.5,60.5,60.5,15.751999999999999
2026-10-04T14:06:29.502463+00:00,2026,6,Buffalo,Toledo,,,,,,,,25.062
2026-10-04T14:06:29.502463+00:00,2026,6,Duke,Georgia Tech,,,,,,,,0.1819999999999995
2026-10-04T14:06:29.502463+00:00,2026,6,Furman,Tennessee Tech,,,,,,,,14.492
2026-10-04T14:06:29.502463+00:00,2026,6,Central Michigan,Ohio,,,,,,,,8.681999999999999
2026-10-04T14:06:29.502463+00:00,2026,6,Stanford,Notre Dame,,,,,,,,40.922
2026-10-04T14:06:29.502463+00:00,2026,6,Illinois,Michigan State,,,,,,,,2.4819999999999993
2026-10-04T14:06:29.502463+00:00,2026,6,Eastern Michigan,Akron,,,,,,,,0.6619999999999981
2026-10-04T14:06:29.502463+00:00,2026,6,Eastern Illinois,Gardner-Webb,,,,,,,,21.552000000000003
2026-10-04T14:06:29.502463+00:00,2026,6,Richmond,Fordham,,,,,,,,-0.4680000000000044
2026-10-04T14:06:29.502463+00:00,2026,6,UT Martin,Tennessee State,,,,,,,,4.611999999999997
2026-10-04T14:06:29.502463+00:00,2026,6,UConn,Temple,,,,,,,,3.932
2026-10-04T14:06:29.502463+00:00,2026,6,Utah Tech,Portland State,,,,,,,,9.492000000000004
2026-10-04T14:06:29.502463+00:00,2026,6,Stony Brook,Towson,,,,,,,,0.7119999999999953
2026-10-04T14:06:29.502463+00:00,2026,6,Rice,East Carolina,,,,,,,,18.132
2026-10-04T14:06:29.502463+00:00,2026,6,Florida A&M,Alabama State,,,,,,,,22.432
2026-10-04T14:06:29.502463+00:00,2026,6,Incarnate Word,Lamar,,,,,,,,6.242
2026-10-04T14:06:29.502463+00:00,2026,6,Tennessee,Arkansas,,,,,,,,-8.298000000000002
2026-10-04T14:06:29.502463+00:00,2026,6,Maryland,Ohio State,,,,,,,,36.972
2026-10-04T14:06:29.502463+00:00,2026,6,Jackson State,Grambling,,,,,,,,-4.977999999999999
2026-10-04T14:06:29.502463+00:00,2026,6,Montana,Northern Arizona,,,,,,,,-2.098
2026-10-04T14:06:29.502463+00:00,2026,6,North Dakota,Northern Iowa,,,,,,,,-3.468000000000001
2026-10-04T14:06:29.502463+00:00,2026,6,Davidson,Presbyterian,,,,,,,,22.982000000000003
2026-10-04T14:06:29.502463+00:00,2026,6,Cal Poly,Idaho State,,,,,,,,16.872
2026-10-04T14:06:29.502463+00:00,2026,6,South Carolina State,Charleston Southern,,,,,,,,-3.8080000000000007
2026-10-04T14:06:29.502463+00:00,2026,6,San Diego State,Oregon State,,,,,,,,14.942
2026-10-04T14:06:29.502463+00:00,2026,6,West Georgia,Eastern Kentucky,,,,,,,,2.601999999999996
2026-10-04T14:06:29.502463+00:00,2026,6,Coastal Carolina,Marshall,,,,,,,,8.622
2026-10-04T14:06:29.502463+00:00,2026,6,North Dakota State,UNLV,,,,,,,,15.161999999999999
2026-10-04T14:06:29.502463+00:00,2026,6,LSU,Kentucky,,,,-10.5,-10.0,49.5,50.5,-3.5279999999999996
2026-10-04T14:06:29.502463+00:00,2026,6,Northern Colorado,Eastern Washington,,,,,,,,7.271999999999998
2026-10-04T14:06:29.502463+00:00,2026,6,UAB,Memphis,,,,,,,,22.832
2026-10-04T14:06:29.502463+00:00,2026,6,Bethune-Cookman,Alabama A&M,,,,,,,,7.542000000000001
2026-10-04T14:06:29.502463+00:00,2026,6,Nevada,UTEP,,,,,,,,-1.4980000000000002
2026-10-04T14:06:29.502463+00:00,2026,6,Tarleton State,Austin Peay,,,,,,,,4.901999999999998
2026-10-04T14:06:29.502463+00:00,2026,6,Georgia,Alabama,,,,-3.0,-2.5,50.5,56.5,6.132000000000001
2026-10-04T14:06:29.502463+00:00,2026,6,Louisiana,Louisiana Tech,,,,,,,,5.371999999999999
2026-10-04T14:06:29.502463+00:00,2026,6,Syracuse,Virginia,,,,,,,,13.822
2026-10-04T14:06:29.502463+00:00,2026,6,USC,Penn State,,,,1.5,1.5,56.5,58.5,6.281999999999999
2026-10-04T14:06:29.502463+00:00,2026,6,Air Force,Northern Illinois,,,,,,,,0.14199999999999857
2026-10-04T14:06:29.502463+00:00,2026,6,James Madison,Georgia Southern,,,,,,,,-9.178
2026-10-04T14:06:29.502463+00:00,2026,6,SE Louisiana,UT Rio Grande Valley,,,,,,,,10.792000000000002
2026-10-04T14:06:29.502463+00:00,2026,6,Minnesota,Purdue,,,,,,,,-0.7080000000000002
2026-10-04T14:06:29.502463+00:00,2026,6,Central Arkansas,Abilene Christian,,,,,,,,12.532
2026-10-04T14:06:29.502463+00:00,2026,6,Kansas,Utah,,,,,,,,20.412
2026-10-04T14:06:29.502463+00:00,2026,6,Boise State,Fresno State,,,,,,,,0.12199999999999989
2026-10-04T14:06:29.502463+00:00,2026,6,Hawai'i,Arizona State,,,,,,,,19.852
